date,share_price,share_price_wei,block,block_timestamp_est
2024-02-16,1.0715511221498628,1071551122149862959,19247490,1708127999
2024-02-17,1.0719396127611411,1071939612761141094,19254642,1708214399
2024-02-18,1.072314849154781,1072314849154780891,19261794,1708300799
2024-02-19,1.0725226514183004,1072522651418300252,19268947,1708387199
2024-02-20,1.0727390223452367,1072739022345236728,19276099,1708473599
2024-02-21,1.0729598293035085,1072959829303508548,19283251,1708559999
2024-02-22,1.073186199249753,1073186199249753012,19290404,1708646399
2024-02-23,1.0734127228744201,1073412722874420170,19297556,1708732799
2024-02-24,1.07359971795824,1073599717958239841,19304708,1708819199
2024-02-25,1.0737947685303297,1073794768530329750,19311860,1708905599
2024-02-26,1.0740151780974918,1074015178097491702,19319013,1708991999
2024-02-27,1.0742299976783976,1074229997678397541,19326165,1709078399
2024-02-28,1.0744801034518185,1074480103451818579,19333317,1709164799
2024-02-29,1.0746889174326015,1074688917432601532,19340470,1709251199
2024-03-01,1.0749135639656233,1074913563965623261,19347622,1709337599
2024-03-02,1.0751181990014878,1075118199001487758,19354774,1709423999
2024-03-03,1.0753462923245551,1075346292324555158,19361927,1709510399
2024-03-04,1.0756215504721582,1075621550472158352,19369079,1709596799
2024-03-05,1.075929841787694,1075929841787693958,19376231,1709683199
2024-03-06,1.0762096626054771,1076209662605477124,19383384,1709769599
2024-03-07,1.0764428124676129,1076442812467612756,19390536,1709855999
2024-03-08,1.0766793568815978,1076679356881597692,19397688,1709942399
2024-03-09,1.0769176169448635,1076917616944863462,19404841,1710028799
2024-03-10,1.0771673378864028,1077167337886402896,19411993,1710115199
2024-03-11,1.077428675540179,1077428675540178961,19419145,1710201599
2024-03-12,1.07768513549318,1077685135493179931,19426298,1710287999
2024-03-13,1.0779165840966334,1077916584096633463,19433450,1710374399
2024-03-14,1.0781825593577368,1078182559357736707,19440602,1710460799
2024-03-15,1.0783754159477261,1078375415947726174,19447754,1710547199
2024-03-16,1.0785898107058969,1078589810705896776,19454907,1710633599
2024-03-17,1.0787842207222924,1078784220722292516,19462059,1710719999
2024-03-18,1.0790960055146064,1079096005514606274,19469211,1710806399
2024-03-19,1.0793463527558573,1079346352755857443,19476364,1710892799
2024-03-20,1.0795733204412394,1079573320441239441,19483516,1710979199
2024-03-21,1.0797636326000524,1079763632600052432,19490668,1711065599
2024-03-22,1.0799802192558992,1079980219255899107,19497821,1711151999
2024-03-23,1.0801518213776866,1080151821377686491,19504973,1711238399
2024-03-24,1.0803653476973463,1080365347697346193,19512125,1711324799
2024-03-25,1.0806225521759079,1080622552175907817,19519278,1711411199
2024-03-26,1.0808493692529666,1080849369252966465,19526430,1711497599
2024-03-27,1.08106230336954,1081062303369539935,19533582,1711583999
2024-03-28,1.0812902666023292,1081290266602329239,19540735,1711670399
2024-03-29,1.0814954099406737,1081495409940673719,19547887,1711756799
2024-03-30,1.081704073752589,1081704073752588984,19555039,1711843199
2024-03-31,1.0819197051423166,1081919705142316624,19562192,1711929599
2024-04-01,1.0821837283809108,1082183728380910871,19569344,1712015999
2024-04-02,1.0824040635343526,1082404063534352597,19576496,1712102399
2024-04-03,1.0826181736685636,1082618173668563601,19583649,1712188799
2024-04-04,1.0828527905916174,1082852790591617358,19590801,1712275199
2024-04-05,1.0830692007425409,1083069200742540756,19597953,1712361599
2024-04-06,1.0832931884937755,1083293188493775656,19605105,1712447999
2024-04-07,1.0835826426142297,1083582642614229655,19612258,1712534399
2024-04-08,1.083848845679577,1083848845679576957,19619410,1712620799
2024-04-09,1.0842436946346088,1084243694634608767,19626562,1712707199
2024-04-10,1.084698867650222,1084698867650222062,19633715,1712793599
2024-04-11,1.0851212922185096,1085121292218509694,19640867,1712879999
2024-04-12,1.0857158765418855,1085715876541885435,19648019,1712966399
2024-04-13,1.0863306378991775,1086330637899177441,19655172,1713052799
2024-04-14,1.0867187097032491,1086718709703249202,19662324,1713139199
2024-04-15,1.087179269458235,1087179269458234977,19669476,1713225599
2024-04-16,1.0875671643106388,1087567164310638888,19676629,1713311999
2024-04-17,1.0879451911557905,1087945191155790412,19683781,1713398399
2024-04-18,1.0883277963406282,1088327796340628181,19690933,1713484799
2024-04-19,1.0887110915467484,1088711091546748319,19698086,1713571199
2024-04-20,1.0890250013450582,1089025001345058181,19705238,1713657599
2024-04-21,1.0893535929505478,1089353592950547727,19712390,1713743999
2024-04-22,1.0896859049083514,1089685904908351313,19719543,1713830399
2024-04-23,1.0900955729269723,1090095572926972419,19726695,1713916799
2024-04-24,1.090466701393891,1090466701393890814,19733847,1714003199
2024-04-25,1.0908324856346374,1090832485634637399,19741000,1714089599
2024-04-26,1.091218386358825,1091218386358824964,19748152,1714175999
2024-04-27,1.0915876458261784,1091587645826178251,19755304,1714262399
2024-04-28,1.0919779079087968,1091977907908796797,19762456,1714348799
2024-04-29,1.092257599797678,1092257599797678077,19769609,1714435199
2024-04-30,1.0925695071953083,1092569507195308424,19776761,1714521599
2024-05-01,1.0928793837909645,1092879383790964570,19783913,1714607999
2024-05-02,1.0931296186970854,1093129618697085289,19791066,1714694399
2024-05-03,1.0933995223847324,1093399522384732234,19798218,1714780799
2024-05-04,1.093640267498306,1093640267498305860,19805370,1714867199
2024-05-05,1.0938917690273788,1093891769027378943,19812523,1714953599
2024-05-06,1.0941428792011958,1094142879201195785,19819675,1715039999
2024-05-07,1.094387005584584,1094387005584583811,19826827,1715126399
2024-05-08,1.0946135616020773,1094613561602077331,19833980,1715212799
2024-05-09,1.0948431725498613,1094843172549861370,19841132,1715299199
2024-05-10,1.0950684658864045,1095068465886404444,19848284,1715385599
2024-05-11,1.0952905503090213,1095290550309021437,19855437,1715471999
2024-05-12,1.0955147703232797,1095514770323279662,19862589,1715558399
2024-05-13,1.0957620568058486,1095762056805848641,19869741,1715644799
2024-05-14,1.0960093267919881,1096009326791988097,19876894,1715731199
2024-05-15,1.0962401107241577,1096240110724157876,19884046,1715817599
2024-05-16,1.09644281771348,1096442817713480001,19891198,1715903999
2024-05-17,1.0966402724359325,1096640272435932495,19898351,1715990399
2024-05-18,1.0968564009594646,1096856400959464548,19905503,1716076799
2024-05-19,1.0970712802169187,1097071280216918723,19912655,1716163199
2024-05-20,1.0974273400589374,1097427340058937360,19919807,1716249599
2024-05-21,1.097677424617403,1097677424617403170,19926960,1716335999
2024-05-22,1.0979321933399397,1097932193339939869,19934112,1716422399
2024-05-23,1.0983300286655453,1098330028665545217,19941264,1716508799
2024-05-24,1.0983300286655453,1098330028665545217,19948417,1716595199
2024-05-25,1.0988021078400674,1098802107840067361,19955569,1716681599
2024-05-26,1.099064965796999,1099064965796999152,19962721,1716767999
2024-05-27,1.099347129353316,1099347129353315900,19969874,1716854399
2024-05-28,1.099620316240747,1099620316240747065,19977026,1716940799
2024-05-29,1.0999082257910988,1099908225791098796,19984178,1717027199
2024-05-30,1.1001894316696097,1100189431669609554,19991331,1717113599
2024-05-31,1.1004599575105034,1100459957510503443,19998483,1717199999
2024-06-01,1.1007306536630614,1100730653663061370,20005635,1717286399
2024-06-02,1.1010161521700241,1101016152170024175,20012788,1717372799
2024-06-03,1.1012895617802272,1101289561780227226,20019940,1717459199
2024-06-04,1.101559652054341,1101559652054340844,20027092,1717545599
2024-06-05,1.1018697251117477,1101869725111747699,20034245,1717631999
2024-06-06,1.1021527991288067,1102152799128806721,20041397,1717718399
2024-06-07,1.1024266169615398,1102426616961539666,20048549,1717804799
2024-06-08,1.1026626680504017,1102662668050401622,20055702,1717891199
2024-06-09,1.1029240511371772,1102924051137177176,20062854,1717977599
2024-06-10,1.1032311038910252,1103231103891025335,20070006,1718063999
2024-06-11,1.103494903067064,1103494903067064106,20077158,1718150399
2024-06-12,1.1038134156446893,1103813415644689300,20084311,1718236799
2024-06-13,1.104045915990532,1104045915990532121,20091463,1718323199
2024-06-14,1.1042793934944597,1104279393494459826,20098615,1718409599
2024-06-15,1.1044885658718417,1104488565871841719,20105768,1718495999
2024-06-16,1.104698094240115,1104698094240114917,20112920,1718582399
2024-06-17,1.1049408058787884,1104940805878788455,20120072,1718668799
2024-06-18,1.1051573996840696,1105157399684069624,20127225,1718755199
2024-06-19,1.1053821178918197,1105382117891819785,20134377,1718841599
2024-06-20,1.1055860430422637,1105586043042263707,20141529,1718927999
2024-06-21,1.1057735231654418,1105773523165441754,20148682,1719014399
2024-06-22,1.1059722152098055,1105972215209805561,20155834,1719100799
2024-06-23,1.1061789920862968,1106178992086296708,20162986,1719187199
2024-06-24,1.1063863079595173,1106386307959517266,20170139,1719273599
2024-06-25,1.1065785933233532,1106578593323353198,20177291,1719359999
2024-06-26,1.106768171048505,1106768171048504768,20184443,1719446399
2024-06-27,1.1069770718094056,1106977071809405744,20191596,1719532799
2024-06-28,1.1071419138140803,1107141913814080368,20198748,1719619199
2024-06-29,1.1073028143435866,1107302814343586497,20205900,1719705599
2024-06-30,1.1075016301420921,1107501630142092074,20213053,1719791999
2024-07-01,1.1076782292967027,1107678229296702550,20220205,1719878399
2024-07-02,1.1078671609966801,1107867160996680217,20227357,1719964799
2024-07-03,1.108085808737291,1108085808737290900,20234509,1720051199
2024-07-04,1.108390018555707,1108390018555706998,20241662,1720137599
2024-07-05,1.1085553791326215,1108555379132621553,20248814,1720223999
2024-07-06,1.1086975921848894,1108697592184889510,20255966,1720310399
2024-07-07,1.1088458205300802,1108845820530080198,20263119,1720396799
2024-07-08,1.108994456075704,1108994456075703816,20270271,1720483199
2024-07-09,1.1091531559796017,1109153155979601734,20277423,1720569599
2024-07-10,1.1093088786287761,1109308878628776246,20284576,1720655999
2024-07-11,1.1091143781774961,1109114378177496247,20291728,1720742399
2024-07-12,1.1093900404464057,1109390040446405605,20298880,1720828799
2024-07-13,1.1094905325696205,1109490532569620530,20306033,1720915199
2024-07-14,1.1098763218209855,1109876321820985580,20313185,1721001599
2024-07-15,1.1100320428871089,1110032042887108912,20320337,1721087999
2024-07-16,1.1101979321671205,1110197932167120544,20327490,1721174399
2024-07-17,1.1103867857596552,1110386785759655129,20334642,1721260799
2024-07-18,1.11054090263606,1110540902636059941,20341794,1721347199
2024-07-19,1.11054090263606,1110540902636059941,20348947,1721433599
2024-07-20,1.110793920926689,1110793920926689189,20356099,1721519999
2024-07-21,1.1109584122423164,1110958412242316351,20363251,1721606399
2024-07-22,1.1109584122423164,1110958412242316351,20370404,1721692799
2024-07-23,1.1112509005271662,1111250900527166337,20377556,1721779199
2024-07-24,1.111403790590025,1111403790590024958,20384708,1721865599
2024-07-25,1.1115492736597274,1111549273659727350,20391860,1721951999
2024-07-26,1.1116796963711049,1111679696371104873,20399013,1722038399
2024-07-27,1.1118382702916911,1111838270291691128,20406165,1722124799
2024-07-28,1.1119702107151568,1111970210715156868,20413317,1722211199
2024-07-29,1.1121180923391616,1112118092339161594,20420470,1722297599
2024-07-30,1.1122577586212246,1112257758621224623,20427622,1722383999
2024-07-31,1.1124020793008758,1112402079300875698,20434774,1722470399
2024-08-01,1.1125460261795672,1112546026179567276,20441927,1722556799
2024-08-02,1.1126878067904238,1112687806790423758,20449079,1722643199
2024-08-03,1.1128180727092847,1112818072709284678,20456231,1722729599
2024-08-04,1.1138572224804453,1113857222480445139,20463384,1722815999
2024-08-05,1.1140822008278506,1114082200827850676,20470536,1722902399
2024-08-06,1.1146185669750437,1114618566975043550,20477688,1722988799
2024-08-07,1.1147729787668859,1114772978766885820,20484841,1723075199
2024-08-08,1.1149239734174146,1114923973417414499,20491993,1723161599
2024-08-09,1.1150599987450516,1115059998745051630,20499145,1723247999
2024-08-10,1.1151687165935522,1115168716593552114,20506298,1723334399
2024-08-11,1.1153105015769722,1115310501576972245,20513450,1723420799
2024-08-12,1.1154611005827002,1115461100582700334,20520602,1723507199
2024-08-13,1.115603562703266,1115603562703266164,20527754,1723593599
2024-08-14,1.1157512636884592,1115751263688459258,20534907,1723679999
2024-08-15,1.1158537356012987,1115853735601298803,20542059,1723766399
2024-08-16,1.1159261104357925,1115926110435792526,20549211,1723852799
2024-08-17,1.116008300327556,1116008300327556002,20556364,1723939199
2024-08-18,1.1164673162167045,1116467316216704566,20563516,1724025599
2024-08-19,1.1165717723678683,1116571772367868345,20570668,1724111999
2024-08-20,1.1166525058936658,1116652505893665781,20577821,1724198399
2024-08-21,1.1167634562190063,1116763456219006174,20584973,1724284799
2024-08-22,1.116853570944998,1116853570944998009,20592125,1724371199
2024-08-23,1.116958292995265,1116958292995265072,20599278,1724457599
2024-08-24,1.1170466997091602,1117046699709160218,20606430,1724543999
2024-08-25,1.1171367562425505,1117136756242550383,20613582,1724630399
2024-08-26,1.1172399491503395,1117239949150339525,20620735,1724716799
2024-08-27,1.117389167915528,1117389167915527823,20627887,1724803199
2024-08-28,1.1174737482938655,1117473748293865507,20635039,1724889599
2024-08-29,1.1175761521425185,1117576152142518466,20642192,1724975999
2024-08-30,1.1176619117135747,1117661911713574651,20649344,1725062399
2024-08-31,1.1177485515991417,1117748551599141756,20656496,1725148799
2024-09-01,1.1178551973685136,1117855197368513707,20663649,1725235199
2024-09-02,1.1179859005958566,1117985900595856653,20670801,1725321599
2024-09-03,1.1181027835497523,1118102783549752319,20677953,1725407999
2024-09-04,1.1182359210700847,1118235921070084700,20685105,1725494399
2024-09-05,1.1183690155883432,1118369015588343328,20692258,1725580799
2024-09-06,1.1186514971124262,1118651497112426118,20699410,1725667199
2024-09-07,1.1187273923512213,1118727392351221234,20706562,1725753599
2024-09-08,1.1188119836590655,1118811983659065424,20713715,1725839999
2024-09-09,1.1189600400905582,1118960040090558174,20720867,1725926399
2024-09-10,1.119102877296911,1119102877296910797,20728019,1726012799
2024-09-11,1.119224704902511,1119224704902510924,20735172,1726099199
2024-09-12,1.1193491441707069,1119349144170706755,20742324,1726185599
2024-09-13,1.1194755587559593,1119475558755959118,20749476,1726271999
2024-09-14,1.1195965922148101,1119596592214810152,20756629,1726358399
2024-09-15,1.1197689591949043,1119768959194904355,20763781,1726444799
2024-09-16,1.1199006233910742,1119900623391074136,20770933,1726531199
2024-09-17,1.1200527549500605,1120052754950060587,20778086,1726617599
2024-09-18,1.1213154497996076,1121315449799607542,20785238,1726703999
2024-09-19,1.121471743214708,1121471743214708131,20792390,1726790399
2024-09-20,1.1216273069073808,1121627306907380806,20799543,1726876799
2024-09-21,1.1217665440347457,1121766544034745667,20806695,1726963199
2024-09-22,1.1219102197007267,1121910219700726762,20813847,1727049599
2024-09-23,1.1220627705147932,1122062770514793097,20821000,1727135999
2024-09-24,1.1221867290866996,1122186729086699661,20828152,1727222399
2024-09-25,1.1223109787314032,1122310978731403206,20835304,1727308799
2024-09-26,1.1224517674701684,1122451767470168429,20842456,1727395199
2024-09-27,1.122548794363799,1122548794363799153,20849609,1727481599
2024-09-28,1.122631841707336,1122631841707336081,20856761,1727567999
2024-09-29,1.1227406758986445,1122740675898644444,20863913,1727654399
2024-09-30,1.1228586063302362,1122858606330236169,20871066,1727740799
2024-10-01,1.1229717090134026,1122971709013402539,20878218,1727827199
2024-10-02,1.1230752237440862,1123075223744086145,20885370,1727913599
2024-10-03,1.1231646546686405,1123164654668640475,20892523,1727999999
2024-10-04,1.1232597867854914,1123259786785491440,20899675,1728086399
2024-10-05,1.1233817015939926,1123381701593992692,20906827,1728172799
2024-10-06,1.123515465822251,1123515465822251045,20913980,1728259199
2024-10-07,1.1236886506044226,1123688650604422612,20921132,1728345599
2024-10-08,1.1238486370475622,1123848637047562299,20928284,1728431999
2024-10-09,1.1239566801016372,1123956680101637080,20935437,1728518399
2024-10-10,1.1240788764198952,1124078876419895172,20942589,1728604799
2024-10-11,1.1241889818368724,1124188981836872416,20949741,1728691199
2024-10-12,1.1243154991971416,1124315499197141640,20956894,1728777599
2024-10-13,1.1244787700857766,1124478770085776534,20964046,1728863999
2024-10-14,1.1245972496809984,1124597249680998390,20971198,1728950399
2024-10-15,1.1246805705280416,1124680570528041614,20978351,1729036799
2024-10-16,1.1247791449363636,1124779144936363545,20985503,1729123199
2024-10-17,1.1261982886318664,1126198288631866427,20992655,1729209599
2024-10-18,1.126308465584153,1126308465584153090,20999807,1729295999
2024-10-19,1.1264084550689897,1126408455068989595,21006960,1729382399
2024-10-20,1.1265116010639833,1126511601063983217,21014112,1729468799
2024-10-21,1.1266628974788304,1126662897478830466,21021264,1729555199
2024-10-22,1.1268013885827435,1126801388582743573,21028417,1729641599
2024-10-23,1.1270818624165198,1127081862416519710,21035569,1729727999
2024-10-24,1.1272368576620253,1127236857662025252,21042721,1729814399
2024-10-25,1.1268981168281509,1126898116828150906,21049874,1729900799
2024-10-26,1.1276130905530648,1127613090553064648,21057026,1729987199
2024-10-27,1.127791911097215,1127791911097214987,21064178,1730073599
2024-10-28,1.1280036748939362,1128003674893936204,21071331,1730159999
2024-10-29,1.1282015429858536,1128201542985853692,21078483,1730246399
2024-10-30,1.1283596551129846,1128359655112984755,21085635,1730332799
2024-10-31,1.1280204110763545,1128020411076354414,21092788,1730419199
2024-11-01,1.1282846530442334,1128284653044233356,21099940,1730505599
2024-11-02,1.1284685252177358,1128468525217735644,21107092,1730591999
2024-11-03,1.128682035253036,1128682035253036080,21114245,1730678399
2024-11-04,1.128887028727234,1128887028727233818,21121397,1730764799
2024-11-05,1.1291253559232168,1129125355923216749,21128549,1730851199
2024-11-06,1.1294024898400428,1129402489840042801,21135702,1730937599
2024-11-07,1.1295494626220484,1129549462622048295,21142854,1731023999
2024-11-08,1.1298265664752853,1129826566475285247,21150006,1731110399
2024-11-09,1.1299719476798138,1129971947679813913,21157158,1731196799
2024-11-10,1.1302093267458426,1130209326745842745,21164311,1731283199
2024-11-11,1.130391972305883,1130391972305883153,21171463,1731369599
2024-11-12,1.1304333355764808,1130433335576480804,21178615,1731455999
2024-11-13,1.1305521530597376,1130552153059737449,21185768,1731542399
2024-11-14,1.1309065909670175,1130906590967017618,21192920,1731628799
2024-11-15,1.1310886357786207,1131088635778620656,21200072,1731715199
2024-11-16,1.1312174417793361,1131217441779336177,21207225,1731801599
2024-11-17,1.1312156159429911,1131215615942991214,21214377,1731887999
2024-11-18,1.1315016330062415,1131501633006241496,21221529,1731974399
2024-11-19,1.131703265078469,1131703265078469032,21228682,1732060799
2024-11-20,1.1318266628186393,1131826662818639414,21235834,1732147199
2024-11-21,1.1322496698242275,1132249669824227488,21242986,1732233599
2024-11-22,1.1326165222086708,1132616522208670760,21250139,1732319999
2024-11-23,1.1327867147824782,1132786714782478032,21257291,1732406399
2024-11-24,1.1329615861345268,1132961586134526678,21264443,1732492799
2024-11-25,1.1331104182467238,1133110418246723843,21271596,1732579199
2024-11-26,1.133297607301588,1133297607301587876,21278748,1732665599
2024-11-27,1.1334648327790144,1133464832779014544,21285900,1732751999
2024-11-28,1.1336204931147484,1133620493114748421,21293053,1732838399
2024-11-29,1.1337661660440403,1133766166044040387,21300205,1732924799
2024-11-30,1.1339147613941742,1133914761394174200,21307357,1733011199
2024-12-01,1.134064087060019,1134064087060018888,21314509,1733097599
2024-12-02,1.1342438660346372,1134243866034637153,21321662,1733183999
2024-12-03,1.134539975858604,1134539975858603989,21328814,1733270399
2024-12-04,1.1347246978025496,1134724697802549635,21335966,1733356799
2024-12-05,1.134891050213593,1134891050213592990,21343119,1733443199
2024-12-06,1.134922350849507,1134922350849507119,21350271,1733529599
2024-12-07,1.1352853256697961,1135285325669796087,21357423,1733615999
2024-12-08,1.1352853256697961,1135285325669796087,21364576,1733702399
2024-12-09,1.1355562640535566,1135556264053556619,21371728,1733788799
2024-12-10,1.1353561033356625,1135356103335662585,21378880,1733875199
2024-12-11,1.1358494058760709,1135849405876070856,21386033,1733961599
2024-12-12,1.1358494058760709,1135849405876070856,21393185,1734047999
2024-12-13,1.136046390086644,1136046390086644003,21400337,1734134399
2024-12-14,1.136046390086644,1136046390086644003,21407490,1734220799
2024-12-15,1.1362992281799353,1136299228179935200,21414642,1734307199
2024-12-16,1.136446280830391,1136446280830391027,21421794,1734393599
2024-12-17,1.1366078365188528,1136607836518852877,21428947,1734479999
2024-12-18,1.1367205732359291,1136720573235929040,21436099,1734566399
2024-12-19,1.1369033016237295,1136903301623729501,21443251,1734652799
2024-12-20,1.1366287295414494,1136628729541449533,21450404,1734739199
2024-12-21,1.136764547916949,1136764547916949076,21457556,1734825599
2024-12-22,1.1368815099204355,1136881509920435456,21464708,1734911999
2024-12-23,1.1370003645117401,1137000364511740006,21471860,1734998399
2024-12-24,1.1371352127295065,1137135212729506598,21479013,1735084799
2024-12-25,1.1372670247122838,1137267024712283800,21486165,1735171199
2024-12-26,1.13742720329534,1137427203295340035,21493317,1735257599
2024-12-27,1.1376014792089266,1137601479208926723,21500470,1735343999
2024-12-28,1.1382594022349026,1138259402234902542,21507622,1735430399
2024-12-29,1.1384176186362216,1138417618636221600,21514774,1735516799
2024-12-30,1.1386300517124646,1138630051712464580,21521927,1735603199
2024-12-31,1.1388612739492971,1138861273949297199,21529079,1735689599
2025-01-01,1.1390382774786867,1139038277478686782,21536231,1735775999
2025-01-02,1.1392723616736267,1139272361673626737,21543384,1735862399
2025-01-03,1.1394743004873962,1139474300487396255,21550536,1735948799
2025-01-04,1.1396644906707276,1139664490670727656,21557688,1736035199
2025-01-05,1.1398441795641496,1139844179564149588,21564841,1736121599
2025-01-06,1.140027415370334,1140027415370334134,21571993,1736207999
2025-01-07,1.1402241650142375,1140224165014237511,21579145,1736294399
2025-01-08,1.1404295991437492,1140429599143749303,21586298,1736380799
2025-01-09,1.140621593193038,1140621593193037843,21593450,1736467199
2025-01-10,1.1407942381080696,1140794238108069584,21600602,1736553599
2025-01-11,1.140953003184744,1140953003184743886,21607754,1736639999
2025-01-12,1.1411052594127624,1141105259412762427,21614907,1736726399
2025-01-13,1.1414117924216973,1141411792421697292,21622059,1736812799
2025-01-14,1.141606507333013,1141606507333013159,21629211,1736899199
2025-01-15,1.1417774622104178,1141777462210417646,21636364,1736985599
2025-01-16,1.141966729462974,1141966729462974042,21643516,1737071999
2025-01-17,1.1421487098181156,1142148709818115487,21650668,1737158399
2025-01-18,1.1423409666177813,1142340966617781362,21657821,1737244799
2025-01-19,1.1425905574222255,1142590557422225565,21664973,1737331199
2025-01-20,1.142591360719422,1142591360719422090,21672125,1737417599
2025-01-21,1.1431992256646315,1143199225664631521,21679278,1737503999
2025-01-22,1.143346593710897,1143346593710896977,21686430,1737590399
2025-01-23,1.143346593710897,1143346593710896977,21693582,1737676799
2025-01-24,1.1439322341037317,1143932234103731568,21700735,1737763199
2025-01-25,1.1439322341037317,1143932234103731568,21707887,1737849599
2025-01-26,1.1441378095261796,1144137809526179590,21715039,1737935999
2025-01-27,1.1443601808683206,1144360180868320517,21722192,1738022399
2025-01-28,1.1445362474183634,1144536247418363328,21729344,1738108799
2025-01-29,1.1446882220700358,1144688222070035848,21736496,1738195199
2025-01-30,1.144866203367728,1144866203367727846,21743649,1738281599
2025-01-31,1.1450243409842042,1145024340984204141,21750801,1738367999
2025-02-01,1.1451826141455066,1145182614145506662,21757953,1738454399
2025-02-02,1.1453467123693424,1145346712369342443,21765105,1738540799
2025-02-03,1.1475740605268792,1147574060526879267,21772258,1738627199
2025-02-04,1.1475740605268792,1147574060526879267,21779410,1738713599
2025-02-05,1.1475740605268792,1147574060526879267,21786562,1738799999
2025-02-06,1.1475740605268792,1147574060526879267,21793715,1738886399
2025-02-07,1.1478736826559108,1147873682655910804,21800867,1738972799
2025-02-08,1.1480159609287757,1148015960928775743,21808019,1739059199
2025-02-09,1.1480159609287757,1148015960928775743,21815172,1739145599
2025-02-10,1.1482948171856069,1148294817185606939,21822324,1739231999
2025-02-11,1.1482948171856069,1148294817185606939,21829476,1739318399
2025-02-12,1.1486600221851864,1148660022185186269,21836629,1739404799
2025-02-13,1.1486600221851864,1148660022185186269,21843781,1739491199
2025-02-14,1.1489804074064063,1148980407406406221,21850933,1739577599
2025-02-15,1.1491325557853038,1149132555785303830,21858086,1739663999
2025-02-16,1.1492843174223493,1149284317422349273,21865238,1739750399
2025-02-17,1.1494726902228496,1149472690222849476,21872390,1739836799
2025-02-18,1.1496952072523658,1149695207252366009,21879543,1739923199
2025-02-19,1.1498708280069032,1149870828006903153,21886695,1740009599
2025-02-20,1.150027817598018,1150027817598018109,21893847,1740095999
2025-02-21,1.1502026845846138,1150202684584613718,21901000,1740182399
2025-02-22,1.1501720405313918,1150172040531391750,21908152,1740268799
2025-02-23,1.1506687584423645,1150668758442364467,21915304,1740355199
2025-02-24,1.151037142111959,1151037142111958986,21922456,1740441599
2025-02-25,1.151521759494027,1151521759494027039,21929609,1740527999
2025-02-26,1.1517033618787433,1151703361878743376,21936761,1740614399
2025-02-27,1.152000790870241,1152000790870240943,21943913,1740700799
2025-02-28,1.1525046272948947,1152504627294894641,21951066,1740787199
2025-03-01,1.1525046272948947,1152504627294894641,21958218,1740873599
2025-03-02,1.1527388885995105,1152738888599510429,21965370,1740959999
2025-03-03,1.1529446270494814,1152944627049481373,21972523,1741046399
2025-03-04,1.153331763363673,1153331763363673139,21979675,1741132799
2025-03-05,1.1534962413001815,1153496241300181491,21986827,1741219199
2025-03-06,1.1536395997242705,1153639599724270555,21993980,1741305599
2025-03-07,1.153935323739775,1153935323739775037,22001132,1741391999
2025-03-08,1.153935323739775,1153935323739775037,22008284,1741478399
2025-03-09,1.1541212896854052,1154121289685405130,22015437,1741564799
2025-03-10,1.1543266968467187,1154326696846718632,22022589,1741651199
2025-03-11,1.1550321815189801,1155032181518979997,22029741,1741737599
2025-03-12,1.155243808550716,1155243808550715968,22036894,1741823999
2025-03-13,1.155243808550716,1155243808550715968,22044046,1741910399
2025-03-14,1.155394174371366,1155394174371366082,22051198,1741996799
2025-03-15,1.155394174371366,1155394174371366082,22058351,1742083199
2025-03-16,1.1556248947066852,1155624894706685280,22065503,1742169599
2025-03-17,1.1556248947066852,1155624894706685280,22072655,1742255999
2025-03-18,1.1557745483613817,1155774548361381628,22079807,1742342399
2025-03-19,1.1557745483613817,1155774548361381628,22086960,1742428799
2025-03-20,1.1560673216670208,1156067321667020787,22094112,1742515199
2025-03-21,1.1562083184623582,1156208318462358342,22101264,1742601599
2025-03-22,1.1562083184623582,1156208318462358342,22108417,1742687999
2025-03-23,1.1564757585001992,1156475758500199118,22115569,1742774399
2025-03-24,1.1566163837922425,1156616383792242540,22122721,1742860799
2025-03-25,1.1567583133116734,1156758313311673312,22129874,1742947199
2025-03-26,1.156907190844238,1156907190844238131,22137026,1743033599
2025-03-27,1.1568542648537712,1156854264853771185,22144178,1743119999
2025-03-28,1.1572763698789719,1157276369878971854,22151331,1743206399
2025-03-29,1.1574299345704215,1157429934570421559,22158483,1743292799
2025-03-30,1.1575789478878715,1157578947887871410,22165635,1743379199
2025-03-31,1.1577762467289845,1157776246728984490,22172788,1743465599
2025-04-01,1.1579458602115185,1157945860211518461,22179940,1743551999
2025-04-02,1.1581826067347942,1158182606734794252,22187092,1743638399
2025-04-03,1.1583679924295345,1158367992429534444,22194245,1743724799
2025-04-04,1.1585802441438044,1158580244143804465,22201397,1743811199
2025-04-05,1.1587570716865454,1158757071686545506,22208549,1743897599
2025-04-06,1.1586074934125352,1158607493412535280,22215702,1743983999
2025-04-07,1.1600031538771234,1160003153877123435,22222854,1744070399
2025-04-08,1.1600031538771234,1160003153877123435,22230006,1744156799
2025-04-09,1.1600031538771234,1160003153877123435,22237158,1744243199
2025-04-10,1.1600031538771234,1160003153877123435,22244311,1744329599
2025-04-11,1.1600031538771234,1160003153877123435,22251463,1744415999
2025-04-12,1.1596622975636193,1159662297563619277,22258615,1744502399
2025-04-13,1.1596622975636193,1159662297563619277,22265768,1744588799
2025-04-14,1.1598913009329632,1159891300932963421,22272920,1744675199
2025-04-15,1.160077277285302,1160077277285302135,22280072,1744761599
2025-04-16,1.160264572059794,1160264572059793952,22287225,1744847999
2025-04-17,1.1604195113842526,1160419511384252609,22294377,1744934399
2025-04-18,1.1605606036542118,1160560603654211836,22301529,1745020799
2025-04-19,1.1605606036542118,1160560603654211836,22308682,1745107199
2025-04-20,1.1608252567815684,1160825256781568494,22315834,1745193599
2025-04-21,1.1609722278978127,1160972227897812679,22322986,1745279999
2025-04-22,1.1609722278978127,1160972227897812679,22330139,1745366399
2025-04-23,1.161493788669703,1161493788669702879,22337291,1745452799
2025-04-24,1.1616428098803897,1161642809880389718,22344443,1745539199
2025-04-25,1.1616428098803897,1161642809880389718,22351596,1745625599
2025-04-26,1.1618847515683246,1161884751568324712,22358748,1745711999
2025-04-27,1.1618847515683246,1161884751568324712,22365900,1745798399
2025-04-28,1.1621453600611387,1162145360061138750,22373053,1745884799
2025-04-29,1.1622862376102518,1162286237610251715,22380205,1745971199
2025-04-30,1.1624422181924905,1162442218192490420,22387357,1746057599
2025-05-01,1.1624422181924905,1162442218192490420,22394509,1746143999
2025-05-02,1.1627243495025663,1162724349502566503,22401662,1746230399
2025-05-03,1.1627243495025663,1162724349502566503,22408814,1746316799
2025-05-04,1.1629732777805801,1162973277780580198,22415966,1746403199
2025-05-05,1.1629732777805801,1162973277780580198,22423119,1746489599
2025-05-06,1.1632890778181733,1163289077818173163,22430271,1746575999
2025-05-07,1.1634489856072876,1163448985607287505,22437423,1746662399
2025-05-08,1.1636609808929814,1163660980892981415,22444576,1746748799
2025-05-09,1.1635707853482262,1163570785348226319,22451728,1746835199
2025-05-10,1.1641344135987608,1164134413598760762,22458880,1746921599
2025-05-11,1.1644046957071539,1164404695707153836,22466033,1747007999
2025-05-12,1.1644046957071539,1164404695707153836,22473185,1747094399
2025-05-13,1.164724054019738,1164724054019738072,22480337,1747180799
2025-05-14,1.1645038573003097,1164503857300309739,22487490,1747267199
2025-05-15,1.1650403136008982,1165040313600898179,22494642,1747353599
2025-05-16,1.1650403136008982,1165040313600898179,22501794,1747439999
2025-05-17,1.1652948484001138,1165294848400113539,22508947,1747526399
2025-05-18,1.1652948484001138,1165294848400113539,22516099,1747612799
2025-05-19,1.1656139249979238,1165613924997923767,22523251,1747699199
2025-05-20,1.1656139249979238,1165613924997923767,22530404,1747785599
2025-05-21,1.1658624853719828,1165862485371982939,22537556,1747871999
2025-05-22,1.1660266074858625,1166026607485862340,22544708,1747958399
2025-05-23,1.1661707428767363,1166170742876736308,22551860,1748044799
2025-05-24,1.1661707428767363,1166170742876736308,22559013,1748131199
2025-05-25,1.16641467105677,1166414671056769953,22566165,1748217599
2025-05-26,1.16641467105677,1166414671056769953,22573317,1748303999
2025-05-27,1.1666657192781538,1166665719278153690,22580470,1748390399
2025-05-28,1.166828634423741,1166828634423741168,22587622,1748476799
2025-05-29,1.166986425627834,1166986425627833753,22594774,1748563199
2025-05-30,1.1671290185536438,1167129018553643741,22601927,1748649599
2025-05-31,1.1671290185536438,1167129018553643741,22609079,1748735999
2025-06-01,1.1673548979622126,1167354897962212641,22616231,1748822399
2025-06-02,1.1673548979622126,1167354897962212641,22623384,1748908799
2025-06-03,1.1675674290548663,1167567429054866399,22630536,1748995199
2025-06-04,1.1675674290548663,1167567429054866399,22637688,1749081599
2025-06-05,1.167797943376863,1167797943376863085,22644841,1749167999
2025-06-06,1.167797943376863,1167797943376863085,22651993,1749254399
2025-06-07,1.1680358175239196,1168035817523919626,22659145,1749340799
2025-06-08,1.1680358175239196,1168035817523919626,22666298,1749427199
2025-06-09,1.1682270796057093,1168227079605709422,22673450,1749513599
2025-06-10,1.1682270796057093,1168227079605709422,22680602,1749599999
2025-06-11,1.1684666138588422,1168466613858842178,22687754,1749686399
2025-06-12,1.1684666138588422,1168466613858842178,22694907,1749772799
2025-06-13,1.1687183992735801,1168718399273580073,22702059,1749859199
2025-06-14,1.1687183992735801,1168718399273580073,22709211,1749945599
2025-06-15,1.1688802945207182,1168880294520718144,22716364,1750031999
2025-06-16,1.1688802945207182,1168880294520718144,22723516,1750118399
2025-06-17,1.169085825411416,1169085825411416053,22730668,1750204799
2025-06-18,1.168833274441771,1168833274441771088,22737821,1750291199
2025-06-19,1.169034625322097,1169034625322096853,22744973,1750377599
2025-06-20,1.169389289637036,1169389289637036145,22752125,1750463999
2025-06-21,1.169389289637036,1169389289637036145,22759278,1750550399
2025-06-22,1.1696543897523537,1169654389752353911,22766430,1750636799
2025-06-23,1.1698343757217664,1169834375721766420,22773582,1750723199
2025-06-24,1.1698343757217664,1169834375721766420,22780735,1750809599
2025-06-25,1.1700682530772588,1170068253077258747,22787887,1750895999
2025-06-26,1.1701970050617008,1170197005061700871,22795039,1750982399
2025-06-27,1.1702150891443481,1170215089144348154,22802192,1751068799
2025-06-28,1.1704120430968215,1170412043096821521,22809344,1751155199
2025-06-29,1.1704120430968215,1170412043096821521,22816496,1751241599
2025-06-30,1.170605555378484,1170605555378483913,22823649,1751327999
2025-07-01,1.170605555378484,1170605555378483913,22830801,1751414399
2025-07-02,1.1708268271561466,1170826827156146716,22837953,1751500799
2025-07-03,1.1708268271561466,1170826827156146716,22845105,1751587199
2025-07-04,1.1710611116660123,1171061111666012298,22852258,1751673599
2025-07-05,1.1710611116660123,1171061111666012298,22859410,1751759999
2025-07-06,1.1712476494401665,1171247649440166483,22866562,1751846399
2025-07-07,1.1712476494401665,1171247649440166483,22873715,1751932799
2025-07-08,1.1714376356351368,1171437635635136654,22880867,1752019199
2025-07-09,1.171602855031715,1171602855031714992,22888019,1752105599
2025-07-10,1.1718478371962677,1171847837196267673,22895172,1752191999
2025-07-11,1.1718478371962677,1171847837196267673,22902324,1752278399
2025-07-12,1.172074588713256,1172074588713255960,22909476,1752364799
2025-07-13,1.172074588713256,1172074588713255960,22916629,1752451199
2025-07-14,1.1722207831565827,1172220783156582693,22923781,1752537599
2025-07-15,1.1722207831565827,1172220783156582693,22930933,1752623999
2025-07-16,1.1722207831565827,1172220783156582693,22938086,1752710399
2025-07-17,1.1723819786790781,1172381978679078137,22945238,1752796799
2025-07-18,1.1723819786790781,1172381978679078137,22952390,1752883199
2025-07-19,1.1723819786790781,1172381978679078137,22959543,1752969599
2025-07-20,1.171267954950981,1171267954950981223,22966695,1753055999
2025-07-21,1.1719880120449089,1171988012044908800,22973847,1753142399
2025-07-22,1.1708705129512689,1170870512951268852,22981000,1753228799
2025-07-23,1.1708705129512689,1170870512951268852,22988152,1753315199
2025-07-24,1.1708705129512689,1170870512951268852,22995304,1753401599
2025-07-25,1.1708705129512689,1170870512951268852,23002456,1753487999
2025-07-26,1.1708705129512689,1170870512951268852,23009609,1753574399
2025-07-27,1.1708705129512689,1170870512951268852,23016761,1753660799
2025-07-28,1.1708705129512689,1170870512951268852,23023913,1753747199
2025-07-29,1.1710734374947824,1171073437494782592,23031066,1753833599
2025-07-30,1.1710734374947824,1171073437494782592,23038218,1753919999
2025-07-31,1.172240609782498,1172240609782498092,23045370,1754006399
2025-08-01,1.172240609782498,1172240609782498092,23052523,1754092799
2025-08-02,1.1725840862070178,1172584086207017814,23059675,1754179199
2025-08-03,1.1725840862070178,1172584086207017814,23066827,1754265599
2025-08-04,1.1725840862070178,1172584086207017814,23073980,1754351999
2025-08-05,1.1725840862070178,1172584086207017814,23081132,1754438399
2025-08-06,1.1725840862070178,1172584086207017814,23088284,1754524799
2025-08-07,1.1727274588049708,1172727458804970811,23095437,1754611199
2025-08-08,1.1729856630804787,1172985663080478663,23102589,1754697599
2025-08-09,1.1730679821515009,1173067982151500826,23109741,1754783999
2025-08-10,1.1731686928572047,1173168692857204823,23116894,1754870399
2025-08-11,1.1732655573622166,1173265557362216797,23124046,1754956799
2025-08-12,1.1734535138882727,1173453513888272556,23131198,1755043199
2025-08-13,1.1736111189420289,1173611118942028895,23138351,1755129599
2025-08-14,1.1737641456715293,1173764145671529180,23145503,1755215999
2025-08-15,1.1739670025625433,1173967002562543450,23152655,1755302399
2025-08-16,1.1740698498119548,1174069849811954949,23159807,1755388799
2025-08-17,1.1741817225398925,1174181722539892489,23166960,1755475199
2025-08-18,1.1742449449524304,1174244944952430246,23174112,1755561599
2025-08-19,1.1743312486346948,1174331248634694933,23181264,1755647999
2025-08-20,1.1743945505031574,1174394550503157581,23188417,1755734399
2025-08-21,1.1745141911620796,1174514191162079487,23195569,1755820799
2025-08-22,1.1746644039696243,1174664403969624385,23202721,1755907199
2025-08-23,1.1748295407041889,1174829540704188863,23209874,1755993599
2025-08-24,1.1748822856388719,1174882285638871725,23217026,1756079999
2025-08-25,1.1750223896103178,1175022389610317829,23224178,1756166399
2025-08-26,1.175172244699485,1175172244699485016,23231331,1756252799
2025-08-27,1.1753230134507766,1175323013450776491,23238483,1756339199
2025-08-28,1.1753784156779226,1175378415677922523,23245635,1756425599
2025-08-29,1.175502802453937,1175502802453936813,23252788,1756511999
2025-08-30,1.1755781127683693,1175578112768369428,23259940,1756598399
2025-08-31,1.175631252772762,1175631252772761982,23267092,1756684799
2025-09-01,1.1757074898611213,1175707489861121247,23274245,1756771199
2025-09-02,1.175827025736455,1175827025736454959,23281397,1756857599
2025-09-03,1.1759826206814599,1175982620681459956,23288549,1756943999
2025-09-04,1.175987210601883,1175987210601882891,23295702,1757030399
2025-09-05,1.1761813265499836,1176181326549983710,23302854,1757116799
2025-09-06,1.1763113152290081,1176311315229008074,23310006,1757203199
2025-09-07,1.1764429453562415,1176442945356241442,23317158,1757289599
2025-09-08,1.1765453503804004,1176545350380400436,23324311,1757375999
2025-09-09,1.1767131754131317,1176713175413131744,23331463,1757462399
2025-09-10,1.17683793726495,1176837937264950085,23338615,1757548799
2025-09-11,1.1769551138852163,1176955113885216198,23345768,1757635199
2025-09-12,1.1770601517371724,1177060151737172378,23352920,1757721599
2025-09-13,1.1772924766577362,1177292476657736082,23360072,1757807999
2025-09-14,1.1774027076102902,1177402707610290112,23367225,1757894399
2025-09-15,1.1774027076102902,1177402707610290112,23374377,1757980799
2025-09-16,1.177459891315467,1177459891315467069,23381529,1758067199
2025-09-17,1.1776219783721884,1177621978372188507,23388682,1758153599
2025-09-18,1.1779384773704182,1177938477370418156,23395834,1758239999
2025-09-19,1.1782418119827454,1178241811982745282,23402986,1758326399
2025-09-20,1.1784448279363948,1178444827936394708,23410139,1758412799
2025-09-21,1.1786588772291318,1178658877229131812,23417291,1758499199
2025-09-22,1.1787761517951671,1178776151795167253,23424443,1758585599
2025-09-23,1.1789511339937928,1178951133993792774,23431596,1758671999
2025-09-24,1.1791267390951716,1179126739095171552,23438748,1758758399
2025-09-25,1.1793772264763875,1179377226476387675,23445900,1758844799
2025-09-26,1.1795811303428836,1179581130342883506,23453053,1758931199
2025-09-27,1.1795811303428836,1179581130342883506,23460205,1759017599
2025-09-28,1.1798021199875222,1179802119987521970,23467357,1759103999
2025-09-29,1.1799489261492508,1179948926149250749,23474509,1759190399
2025-09-30,1.1800760954136553,1180076095413655274,23481662,1759276799
2025-10-01,1.1803036393454354,1180303639345435299,23488814,1759363199
2025-10-02,1.1804462175630004,1180446217563000356,23495966,1759449599
2025-10-03,1.1806485150914978,1180648515091497639,23503119,1759535999
2025-10-04,1.1807937746205666,1180793774620566485,23510271,1759622399
2025-10-05,1.1809715485932708,1180971548593270795,23517423,1759708799
2025-10-06,1.1811165818445395,1181116581844539509,23524576,1759795199
2025-10-07,1.1813995134898183,1181399513489818385,23531728,1759881599
2025-10-08,1.1815511725267382,1181551172526738173,23538880,1759967999
2025-10-09,1.1817422823387722,1181742282338772253,23546033,1760054399
2025-10-10,1.1818981780728108,1181898178072810741,23553185,1760140799
2025-10-11,1.1827981535437255,1182798153543725601,23560337,1760227199
2025-10-12,1.1830162533394224,1183016253339422364,23567490,1760313599
2025-10-13,1.1831104048202665,1183110404820266535,23574642,1760399999
2025-10-14,1.1832609757464185,1183260975746418482,23581794,1760486399
2025-10-15,1.1833787935942115,1183378793594211464,23588947,1760572799
2025-10-16,1.1835318377778596,1183531837777859658,23596099,1760659199
2025-10-17,1.1836731585345144,1183673158534514487,23603251,1760745599
2025-10-18,1.1838377868812695,1183837786881269514,23610404,1760831999
2025-10-19,1.183968124912932,1183968124912931760,23617556,1760918399
2025-10-20,1.1840902443300418,1184090244330041792,23624708,1761004799
2025-10-21,1.1840902443300418,1184090244330041792,23631860,1761091199
2025-10-22,1.1842971840962202,1184297184096220286,23639013,1761177599
2025-10-23,1.1843549616250098,1184354961625009784,23646165,1761263999
2025-10-24,1.1844654137107902,1184465413710790091,23653317,1761350399
2025-10-25,1.1845384648350494,1184538464835049364,23660470,1761436799
2025-10-26,1.1846696831225239,1184669683122523787,23667622,1761523199
2025-10-27,1.1847882667360803,1184788266736080471,23674774,1761609599
2025-10-28,1.184851680901564,1184851680901563817,23681927,1761695999
2025-10-29,1.184947951107959,1184947951107959141,23689079,1761782399
2025-10-30,1.185053567963512,1185053567963511800,23696231,1761868799
2025-10-31,1.185140075246772,1185140075246772051,23703384,1761955199
2025-11-01,1.1851954581734623,1185195458173462264,23710536,1762041599
2025-11-02,1.1853277180580133,1185327718058013143,23717688,1762127999
2025-11-03,1.185472792742898,1185472792742898096,23724841,1762214399
2025-11-04,1.1858433081426447,1185843308142644784,23731993,1762300799
2025-11-05,1.1860603471725384,1186060347172538245,23739145,1762387199
2025-11-06,1.1861276106161296,1186127610616129479,23746298,1762473599
2025-11-07,1.1862442712379477,1186244271237947637,23753450,1762559999
2025-11-08,1.186478160634503,1186478160634502955,23760602,1762646399
2025-11-09,1.186606443872457,1186606443872457057,23767754,1762732799
2025-11-10,1.1867363909405302,1186736390940530282,23774907,1762819199
2025-11-11,1.186853070384959,1186853070384958876,23782059,1762905599
2025-11-12,1.1869748734818377,1186974873481837719,23789211,1762991999
2025-11-13,1.1871496751030421,1187149675103042145,23796364,1763078399
2025-11-14,1.1873833156537912,1187383315653791216,23803516,1763164799
2025-11-15,1.187601509209054,1187601509209053938,23810668,1763251199
2025-11-16,1.1877459496077472,1187745949607746988,23817821,1763337599
2025-11-17,1.1879093659914095,1187909365991409305,23824973,1763423999
2025-11-18,1.1882138350472238,1188213835047223682,23832125,1763510399
2025-11-19,1.1883758906560242,1188375890656024425,23839278,1763596799
2025-11-20,1.1886478785210932,1188647878521093052,23846430,1763683199
2025-11-21,1.1893031760819854,1189303176081985580,23853582,1763769599
2025-11-22,1.189490452253597,1189490452253596813,23860735,1763855999
2025-11-23,1.1896078448371237,1189607844837123593,23867887,1763942399
2025-11-24,1.1898207053996608,1189820705399660692,23875039,1764028799
2025-11-25,1.1899724149126987,1189972414912698604,23882192,1764115199
2025-11-26,1.1901471765993301,1190147176599330019,23889344,1764201599
2025-11-27,1.1903722552432052,1190372255243205071,23896496,1764287999
2025-11-28,1.190574975185212,1190574975185212018,23903649,1764374399
2025-11-29,1.1907579646325086,1190757964632508580,23910801,1764460799
2025-11-30,1.1909680761893284,1190968076189328276,23917953,1764547199
2025-12-01,1.1911529619094858,1191152961909485922,23925105,1764633599
2025-12-02,1.1914457285547213,1191445728554721371,23932258,1764719999
2025-12-03,1.1916759019241367,1191675901924136676,23939410,1764806399
2025-12-04,1.1918489335794162,1191848933579416229,23946562,1764892799
2025-12-05,1.1920400570539742,1192040057053974398,23953715,1764979199
2025-12-06,1.1922484033356506,1192248403335650499,23960867,1765065599
2025-12-07,1.1924595655918504,1192459565591850394,23968019,1765151999
2025-12-08,1.1926689095397462,1192668909539746314,23975172,1765238399
2025-12-09,1.1930233780350064,1193023378035006488,23982324,1765324799
2025-12-10,1.1931844022883902,1193184402288390164,23989476,1765411199
2025-12-11,1.1933784491212613,1193378449121261359,23996629,1765497599
2025-12-12,1.1935442705697523,1193544270569752222,24003781,1765583999
2025-12-13,1.193649027548736,1193649027548735913,24010933,1765670399
2025-12-14,1.1938376770039245,1193837677003924453,24018086,1765756799
2025-12-15,1.194005049345562,1194005049345562194,24025238,1765843199
2025-12-16,1.1941643831026678,1194164383102667817,24032390,1765929599
2025-12-17,1.1943340717088589,1194334071708858965,24039543,1766015999
2025-12-18,1.194514402085634,1194514402085633937,24046695,1766102399
2025-12-19,1.194670333012596,1194670333012596070,24053847,1766188799
2025-12-20,1.194670333012596,1194670333012596070,24061000,1766275199
2025-12-21,1.1949576529910666,1194957652991066634,24068152,1766361599
2025-12-22,1.1950902438291993,1195090243829199351,24075304,1766447999
2025-12-23,1.1952314652328264,1195231465232826341,24082456,1766534399
2025-12-24,1.1951097658293415,1195109765829341462,24089609,1766620799
2025-12-25,1.1951949660749484,1195194966074948435,24096761,1766707199
2025-12-26,1.1953284786565086,1195328478656508578,24103913,1766793599
2025-12-27,1.1955960513980395,1195596051398039463,24111066,1766879999
2025-12-28,1.195651016174754,1195651016174753939,24118218,1766966399
2025-12-29,1.1959248685660069,1195924868566006835,24125370,1767052799
2025-12-30,1.196124517248782,1196124517248782129,24132523,1767139199
2025-12-31,1.1963042442495442,1196304244249544130,24139675,1767225599
2026-01-01,1.1964670261948012,1196467026194801087,24146827,1767311999
2026-01-02,1.196629866470393,1196629866470392819,24153980,1767398399
2026-01-03,1.19673939745404,1196739397454039751,24161132,1767484799
2026-01-04,1.1968908266926745,1196890826692674526,24168284,1767571199
2026-01-05,1.1970420550612784,1197042055061278350,24175437,1767657599
2026-01-06,1.1972330909256466,1197233090925646591,24182589,1767743999
2026-01-07,1.1973857912949732,1197385791294973198,24189741,1767830399
2026-01-08,1.1975472849222593,1197547284922259280,24196894,1767916799
2026-01-09,1.197649607093364,1197649607093363918,24204046,1768003199
2026-01-10,1.1977827952376623,1197782795237662277,24211198,1768089599
2026-01-11,1.197909362353167,1197909362353166936,24218351,1768175999
2026-01-12,1.1980332805579297,1198033280557929736,24225503,1768262399
2026-01-13,1.1981465115184113,1198146511518411216,24232655,1768348799
2026-01-14,1.1982733689093594,1198273368909359294,24239807,1768435199
2026-01-15,1.1983533084800686,1198353308480068575,24246960,1768521599
2026-01-16,1.1985348319441995,1198534831944199530,24254112,1768607999
2026-01-17,1.1988013838511875,1198801383851187360,24261264,1768694399
2026-01-18,1.1989226397689754,1198922639768975284,24268417,1768780799
2026-01-19,1.1991063835524958,1199106383552495944,24275569,1768867199
2026-01-20,1.199264292752729,1199264292752729086,24282721,1768953599
2026-01-21,1.1993535091730336,1199353509173033690,24289874,1769039999
2026-01-22,1.1994921075502338,1199492107550233854,24297026,1769126399
2026-01-23,1.1996364387443992,1199636438744399028,24304178,1769212799
2026-01-24,1.1997404877550573,1199740487755057152,24311331,1769299199
2026-01-25,1.199836180973239,1199836180973239090,24318483,1769385599
2026-01-26,1.1999595156794125,1199959515679412574,24325635,1769471999
2026-01-27,1.2000709249606465,1200070924960646453,24332788,1769558399
2026-01-28,1.2001360521525155,1200136052152515677,24339940,1769644799
2026-01-29,1.2002707058960438,1200270705896043865,24347092,1769731199
2026-01-30,1.2003894893242306,1200389489324230623,24354245,1769817599
2026-01-31,1.2005602151202501,1200560215120250192,24361397,1769903999
2026-02-01,1.2008034151909637,1200803415190963620,24368549,1769990399
2026-02-02,1.2010888877689558,1201088887768955802,24375702,1770076799
2026-02-03,1.2011615598019059,1201161559801906028,24382854,1770163199
2026-02-04,1.20124809974352,1201248099743519992,24390006,1770249599
2026-02-05,1.2015242851609935,1201524285160993541,24397158,1770335999
2026-02-06,1.2016456397962392,1201645639796239026,24404311,1770422399
2026-02-07,1.2016456397962392,1201645639796239026,24411463,1770508799
2026-02-08,1.2016456397962392,1201645639796239026,24418615,1770595199
2026-02-09,1.2016456397962392,1201645639796239026,24425768,1770681599
2026-02-10,1.2016456397962392,1201645639796239026,24432920,1770767999
2026-02-11,1.2016456397962392,1201645639796239026,24440072,1770854399
2026-02-12,1.2016456397962392,1201645639796239026,24447225,1770940799
2026-02-13,1.2016456397962392,1201645639796239026,24454377,1771027199
2026-02-14,1.2016456397962392,1201645639796239026,24461529,1771113599
2026-02-15,1.2016456397962392,1201645639796239026,24468682,1771199999
2026-02-16,1.2016456397962392,1201645639796239026,24475834,1771286399
2026-02-17,1.2016456397962392,1201645639796239026,24482986,1771372799
2026-02-18,1.2016456397962392,1201645639796239026,24490139,1771459199
2026-02-19,1.2016456397962392,1201645639796239026,24497291,1771545599
2026-02-20,1.2016456397962392,1201645639796239026,24504443,1771631999
2026-02-21,1.2016456397962392,1201645639796239026,24511596,1771718399
2026-02-22,1.2016456397962392,1201645639796239026,24518748,1771804799
2026-02-23,1.201954715671761,1201954715671760836,24525900,1771891199
2026-02-24,1.2020800722922251,1202080072292224907,24533053,1771977599
2026-02-25,1.2020800722922251,1202080072292224907,24540205,1772063999
2026-02-26,1.2021377969746951,1202137796974695137,24547357,1772150399
2026-02-27,1.2021377969746951,1202137796974695137,24554509,1772236799
2026-02-28,1.202261369057799,1202261369057798894,24561662,1772323199
2026-03-01,1.202261369057799,1202261369057798894,24568814,1772409599
2026-03-02,1.202261369057799,1202261369057798894,24575966,1772495999
2026-03-03,1.202330084416719,1202330084416719088,24583119,1772582399
2026-03-04,1.202382174492906,1202382174492905924,24590271,1772668799
2026-03-05,1.202472134622737,1202472134622736957,24597423,1772755199
2026-03-06,1.202472134622737,1202472134622736957,24604576,1772841599
2026-03-07,1.2025284763732118,1202528476373211931,24611728,1772927999
2026-03-08,1.202580027185426,1202580027185425859,24618880,1773014399
2026-03-09,1.202580027185426,1202580027185425859,24626033,1773100799
2026-03-10,1.2027627675796846,1202762767579684618,24633185,1773187199
2026-03-11,1.202837844147104,1202837844147103980,24640337,1773273599
2026-03-12,1.202837844147104,1202837844147103980,24647490,1773359999
2026-03-13,1.2034147612111412,1203414761211140999,24654642,1773446399
2026-03-14,1.2035912649216494,1203591264921649351,24661794,1773532799
2026-03-15,1.2035912649216494,1203591264921649351,24668947,1773619199
2026-03-16,1.203719625726926,1203719625726926111,24676099,1773705599
2026-03-17,1.2037953864017068,1203795386401706778,24683251,1773791999
2026-03-18,1.2038667531171068,1203866753117106639,24690404,1773878399
2026-03-19,1.2040048563777972,1204004856377797041,24697556,1773964799
2026-03-20,1.2041025642349168,1204102564234916851,24704708,1774051199
2026-03-21,1.2041025642349168,1204102564234916851,24711860,1774137599
2026-03-22,1.2043762082598195,1204376208259819567,24719013,1774223999
2026-03-23,1.2045222987561637,1204522298756163567,24726165,1774310399
2026-03-24,1.2046181035244274,1204618103524427628,24733317,1774396799
2026-03-25,1.2046808847477875,1204680884747787461,24740470,1774483199
2026-03-26,1.2048170269785603,1204817026978560314,24747622,1774569599
2026-03-27,1.2049505328594403,1204950532859440304,24754774,1774655999
2026-03-28,1.2050317663324193,1205031766332419215,24761927,1774742399
2026-03-29,1.2051432274958218,1205143227495821880,24769079,1774828799
2026-03-30,1.2052165164572788,1205216516457278842,24776231,1774915199
2026-03-31,1.2053401261525098,1205340126152509874,24783384,1775001599
2026-04-01,1.2054694275060938,1205469427506093794,24790536,1775087999
2026-04-02,1.2055598300551549,1205559830055154822,24797688,1775174399
2026-04-03,1.20568748009532,1205687480095319780,24804841,1775260799
2026-04-04,1.2057980690943648,1205798069094364976,24811993,1775347199
2026-04-05,1.2058657882595434,1205865788259543225,24819145,1775433599
2026-04-06,1.2059713670048786,1205971367004878513,24826298,1775519999
2026-04-07,1.206057535165201,1206057535165201004,24833450,1775606399
2026-04-08,1.2061403897702416,1206140389770241468,24840602,1775692799
2026-04-09,1.2062016689154857,1206201668915485750,24847754,1775779199
2026-04-10,1.2062735041613821,1206273504161382017,24854907,1775865599
2026-04-11,1.2063249143375958,1206324914337595828,24862059,1775951999
2026-04-12,1.2064069280846121,1206406928084612201,24869211,1776038399
2026-04-13,1.2064646680133801,1206464668013380016,24876364,1776124799
2026-04-14,1.2065726806752606,1206572680675260725,24883516,1776211199
2026-04-15,1.206627029921908,1206627029921908091,24890668,1776297599
2026-04-16,1.2065453849586218,1206545384958621993,24897821,1776383999
2026-04-17,1.2068147551070172,1206814755107017279,24904973,1776470399
2026-04-18,1.2069256996518176,1206925699651817809,24912125,1776556799
2026-04-19,1.2069256996518176,1206925699651817809,24919278,1776643199
2026-04-20,1.2069256996518176,1206925699651817809,24926430,1776729599
2026-04-21,1.2069256996518176,1206925699651817809,24933582,1776815999
2026-04-22,1.2069256996518176,1206925699651817809,24940735,1776902399
2026-04-23,1.2069256996518176,1206925699651817809,24947887,1776988799
2026-04-24,1.2069256996518176,1206925699651817809,24955039,1777075199
2026-04-25,1.2069256996518176,1206925699651817809,24962192,1777161599
2026-04-26,1.2069256996518176,1206925699651817809,24969344,1777247999
2026-04-27,1.2069256996518176,1206925699651817809,24976496,1777334399
2026-04-28,1.2069256996518176,1206925699651817809,24983649,1777420799
2026-04-29,1.2069256996518176,1206925699651817809,24990801,1777507199
2026-04-30,1.2069256996518176,1206925699651817809,24997953,1777593599
2026-05-01,1.2069256996518176,1206925699651817809,25005105,1777679999
2026-05-02,1.2069256996518176,1206925699651817809,25012258,1777766399
2026-05-03,1.2069256996518176,1206925699651817809,25019410,1777852799
2026-05-04,1.2069256996518176,1206925699651817809,25026562,1777939199
2026-05-05,1.2069256996518176,1206925699651817809,25033715,1778025599
2026-05-06,1.2069256996518176,1206925699651817809,25040867,1778111999
2026-05-07,1.2069256996518176,1206925699651817809,25048019,1778198399
2026-05-08,1.2069256996518176,1206925699651817809,25055172,1778284799
2026-05-09,1.2069256996518176,1206925699651817809,25062324,1778371199
2026-05-10,1.2069256996518176,1206925699651817809,25069476,1778457599
2026-05-11,1.2069256996518176,1206925699651817809,25076629,1778543999
2026-05-12,1.2069256996518176,1206925699651817809,25083781,1778630399
2026-05-13,1.2069256996518176,1206925699651817809,25090933,1778716799
2026-05-14,1.2069256996518176,1206925699651817809,25098086,1778803199
2026-05-15,1.2069256996518176,1206925699651817809,25105238,1778889599
2026-05-16,1.2069256996518176,1206925699651817809,25112390,1778975999
2026-05-17,1.2069256996518176,1206925699651817809,25119543,1779062399
2026-05-18,1.2070990749089705,1207099074908970601,25126695,1779148799
2026-05-19,1.2072396139318164,1207239613931816498,25133847,1779235199
2026-05-20,1.207315028842568,1207315028842567813,25141000,1779321599
2026-05-21,1.2074504178782042,1207450417878204227,25148152,1779407999
2026-05-22,1.2075882463588792,1207588246358879267,25155304,1779494399
2026-05-23,1.2076602735541542,1207660273554154210,25162456,1779580799
2026-05-24,1.2077983107575367,1207798310757536787,25169609,1779667199
2026-05-25,1.2079027259171347,1207902725917134532,25176761,1779753599
2026-05-26,1.2080653001439385,1208065300143938519,25183913,1779839999
2026-05-27,1.2082454298632812,1208245429863281172,25191066,1779926399
2026-05-28,1.2083866244702726,1208386624470272493,25198218,1780012799
2026-05-29,1.208529222856196,1208529222856195904,25205370,1780099199
2026-05-30,1.208667201601738,1208667201601738006,25212523,1780185599
2026-05-31,1.2087606667816289,1208760666781628967,25219675,1780271999
2026-06-01,1.2089049246983716,1208904924698371555,25226827,1780358399
2026-06-02,1.2090106123098912,1209010612309890984,25233980,1780444799
2026-06-03,1.209201854698225,1209201854698225279,25241132,1780531199
2026-06-04,1.2093924115868524,1209392411586852314,25248284,1780617599
2026-06-05,1.2096057157016773,1209605715701677302,25255437,1780703999
2026-06-06,1.2098539239988648,1209853923998864923,25262589,1780790399
2026-06-07,1.2101073443444272,1210107344344427235,25269741,1780876799
2026-06-08,1.210221461733312,1210221461733312081,25276894,1780963199
2026-06-09,1.2104051902162005,1210405190216200384,25284046,1781049599
2026-06-10,1.2105767265844711,1210576726584470933,25291198,1781135999
2026-06-11,1.2106716313511,1210671631351099846,25298351,1781222399
2026-06-12,1.2108190531768894,1210819053176889343,25305503,1781308799
2026-06-13,1.210913284359619,1210913284359619056,25312655,1781395199
2026-06-14,1.2110437538045051,1211043753804504998,25319807,1781481599
2026-06-15,1.2112406586623705,1211240658662370641,25326960,1781567999
2026-06-16,1.2113018108597025,1211301810859702529,25334112,1781654399
2026-06-17,1.2114186579655926,1211418657965592454,25341264,1781740799
2026-06-18,1.2115583952232971,1211558395223297026,25348417,1781827199
2026-06-19,1.211631941320159,1211631941320158928,25355569,1781913599
2026-06-20,1.2117497435998672,1211749743599867137,25362721,1781999999
2026-06-21,1.211817827202486,1211817827202486054,25369874,1782086399
2026-06-22,1.2119283784500474,1211928378450047477,25377026,1782172799
2026-06-23,1.2120504628790518,1212050462879051684,25384178,1782259199
2026-06-24,1.2121185120811682,1212118512081168198,25391331,1782345599
2026-06-25,1.2122391601082696,1212239160108269517,25398483,1782431999
2026-06-26,1.21236630364244,1212366303642439813,25405635,1782518399
2026-06-27,1.2124902278776666,1212490227877666497,25412788,1782604799
2026-06-28,1.2126223924521733,1212622392452173310,25419940,1782691199
2026-06-29,1.2126883762953047,1212688376295304650,25427092,1782777599
2026-06-30,1.2127991132101144,1212799113210114330,25434245,1782863999
2026-07-01,1.2129106687606337,1212910668760633499,25441397,1782950399
2026-07-02,1.2129801720765385,1212980172076538689,25448549,1783036799
2026-07-03,1.2130896436011174,1213089643601117321,25455702,1783123199
2026-07-04,1.2131947749987328,1213194774998732909,25462854,1783209599
2026-07-05,1.213251840708447,1213251840708447090,25470006,1783295999
2026-07-06,1.2133526890757824,1213352689075782297,25477158,1783382399
2026-07-07,1.2134116631751872,1213411663175187289,25484311,1783468799
2026-07-08,1.213525397798389,1213525397798388909,25491463,1783555199
2026-07-09,1.2136319641497861,1213631964149786155,25498615,1783641599
2026-07-10,1.2137138099507723,1213713809950772339,25505768,1783727999
2026-07-11,1.213829397901706,1213829397901706067,25512920,1783814399
2026-07-12,1.213940220407898,1213940220407897928,25520072,1783900799
2026-07-13,1.214013510212301,1214013510212300940,25527225,1783987199
2026-07-14,1.2142550208512395,1214255020851239551,25534377,1784073599
2026-07-15,1.2144224435045767,1214422443504576686,25541529,1784159999
2026-07-16,1.214531561690703,1214531561690703132,25548682,1784246399
2026-07-17,1.214531561690703,1214531561690703132,25550354,1784266607
