date,block,share_rate,share_price
2024-02-16,19247453,1.157329610464969,1.157329610464969
2024-02-17,19254605,1.1574286927767836,1.1574286927767836
2024-02-18,19261757,1.1575277877962458,1.1575277877962458
2024-02-19,19268910,1.1577378249218218,1.1577378249218218
2024-02-20,19276062,1.15784771758574,1.15784771758574
2024-02-21,19283214,1.15795765752911,1.15795765752911
2024-02-22,19290367,1.158065933612145,1.158065933612145
2024-02-23,19297519,1.158175871127084,1.158175871127084
2024-02-24,19304671,1.1582757082591917,1.1582757082591917
2024-02-25,19311824,1.158379174506085,1.158379174506085
2024-02-26,19318976,1.158489314227548,1.158489314227548
2024-02-27,19326128,1.158598006269984,1.158598006269984
2024-02-28,19333281,1.1587153798778274,1.1587153798778274
2024-02-29,19340433,1.158821228389585,1.158821228389585
2024-03-01,19347585,1.1589319620728569,1.1589319620728569
2024-03-02,19354738,1.159036504821223,1.159036504821223
2024-03-03,19361890,1.159145976883805,1.159145976883805
2024-03-04,19369042,1.1592677460231042,1.1592677460231042
2024-03-05,19376195,1.1593988584048922,1.1593988584048922
2024-03-06,19383347,1.159522814463429,1.159522814463429
2024-03-07,19390499,1.1596346761463876,1.1596346761463876
2024-03-08,19397651,1.1597464754826574,1.1597464754826574
2024-03-09,19404804,1.1598545679573504,1.1598545679573504
2024-03-10,19411956,1.1599684592125052,1.1599684592125052
2024-03-11,19419108,1.1600852467196079,1.1600852467196079
2024-03-12,19426261,1.1602009934143696,1.1602009934143696
2024-03-13,19433413,1.160310203652919,1.160310203652919
2024-03-14,19440565,1.1604274654653912,1.1604274654653912
2024-03-15,19447718,1.1605299446541728,1.1605299446541728
2024-03-16,19454870,1.1606351655045521,1.1606351655045521
2024-03-17,19462022,1.1607344749559185,1.1607344749559185
2024-03-18,19469175,1.1608601446763362,1.1608601446763362
2024-03-19,19476327,1.1609686917861446,1.1609686917861446
2024-03-20,19483479,1.161077490915996,1.161077490915996
2024-03-21,19490632,1.1611798309028982,1.1611798309028982
2024-03-22,19497784,1.161286204860434,1.161286204860434
2024-03-23,19504936,1.1613820970710782,1.1613820970710782
2024-03-24,19512089,1.1614827424865888,1.1614827424865888
2024-03-25,19519241,1.161592996708759,1.161592996708759
2024-03-26,19526393,1.161696543439843,1.161696543439843
2024-03-27,19533546,1.16179790163962,1.16179790163962
2024-03-28,19540698,1.161902858684745,1.161902858684745
2024-03-29,19547850,1.162002098900041,1.162002098900041
2024-03-30,19555002,1.1620997892460414,1.1620997892460414
2024-03-31,19562155,1.1621992992445984,1.1621992992445984
2024-04-01,19569307,1.162310706029619,1.162310706029619
2024-04-02,19576459,1.162419320105199,1.162419320105199
2024-04-03,19583612,1.1625270251197235,1.1625270251197235
2024-04-04,19590764,1.1626380912722438,1.1626380912722438
2024-04-05,19597916,1.1627446582578715,1.1627446582578715
2024-04-06,19605069,1.1628414735130794,1.1628414735130794
2024-04-07,19612221,1.1629417134569304,1.1629417134569304
2024-04-08,19619373,1.1630442462246933,1.1630442462246933
2024-04-09,19626526,1.163151251438596,1.163151251438596
2024-04-10,19633678,1.1632611382929328,1.1632611382929328
2024-04-11,19640830,1.1633613406642953,1.1633613406642953
2024-04-12,19647983,1.1634986285746811,1.1634986285746811
2024-04-13,19655135,1.1636399706900056,1.1636399706900056
2024-04-14,19662287,1.1637387965541304,1.1637387965541304
2024-04-15,19669440,1.1638519546951787,1.1638519546951787
2024-04-16,19676592,1.1639536427193893,1.1639536427193893
2024-04-17,19683744,1.1640568298329956,1.1640568298329956
2024-04-18,19690897,1.1641618698760272,1.1641618698760272
2024-04-19,19698049,1.1642630340046365,1.1642630340046365
2024-04-20,19705201,1.16435678048583,1.16435678048583
2024-04-21,19712353,1.1644542765996573,1.1644542765996573
2024-04-22,19719506,1.1645530685336525,1.1645530685336525
2024-04-23,19726658,1.1646723837655457,1.1646723837655457
2024-04-24,19733810,1.1647773912809793,1.1647773912809793
2024-04-25,19740963,1.1648749279503081,1.1648749279503081
2024-04-26,19748115,1.1649707425063687,1.1649707425063687
2024-04-27,19755267,1.1650645935416348,1.1650645935416348
2024-04-28,19762420,1.1651613056286532,1.1651613056286532
2024-04-29,19769572,1.1652584831591668,1.1652584831591668
2024-04-30,19776724,1.1653641021072076,1.1653641021072076
2024-05-01,19783877,1.165463121747402,1.165463121747402
2024-05-02,19791029,1.165556762289958,1.165556762289958
2024-05-03,19798181,1.1656524729836844,1.1656524729836844
2024-05-04,19805334,1.165742762786028,1.165742762786028
2024-05-05,19812486,1.1658349287546386,1.1658349287546386
2024-05-06,19819638,1.165928224549354,1.165928224549354
2024-05-07,19826791,1.1660225552764198,1.1660225552764198
2024-05-08,19833943,1.166115485922357,1.166115485922357
2024-05-09,19841095,1.1662091602236269,1.1662091602236269
2024-05-10,19848248,1.1663015694472896,1.1663015694472896
2024-05-11,19855400,1.166391371091581,1.166391371091581
2024-05-12,19862552,1.1664836167778325,1.1664836167778325
2024-05-13,19869704,1.1665822367098297,1.1665822367098297
2024-05-14,19876857,1.1666779770975237,1.1666779770975237
2024-05-15,19884009,1.1667751890966578,1.1667751890966578
2024-05-16,19891161,1.166868027399795,1.166868027399795
2024-05-17,19898314,1.166956735936938,1.166956735936938
2024-05-18,19905466,1.16704789556368,1.16704789556368
2024-05-19,19912618,1.1671399299455512,1.1671399299455512
2024-05-20,19919771,1.167265722284346,1.167265722284346
2024-05-21,19926923,1.1673674537727226,1.1673674537727226
2024-05-22,19934075,1.1674694568630664,1.1674694568630664
2024-05-23,19941228,1.167604992519136,1.167604992519136
2024-05-24,19948380,1.1677016301781598,1.1677016301781598
2024-05-25,19955532,1.1677962403934197,1.1677962403934197
2024-05-26,19962685,1.1678954616588042,1.1678954616588042
2024-05-27,19969837,1.1679984927156375,1.1679984927156375
2024-05-28,19976989,1.1680992827163847,1.1680992827163847
2024-05-29,19984142,1.1682028235934083,1.1682028235934083
2024-05-30,19991294,1.1683075934995661,1.1683075934995661
2024-05-31,19998446,1.1684077596555322,1.1684077596555322
2024-06-01,20005599,1.16850853028136,1.16850853028136
2024-06-02,20012751,1.1686130383699116,1.1686130383699116
2024-06-03,20019903,1.1687147788880494,1.1687147788880494
2024-06-04,20027055,1.1688190346574157,1.1688190346574157
2024-06-05,20034208,1.1689310199559333,1.1689310199559333
2024-06-06,20041360,1.1690389528936107,1.1690389528936107
2024-06-07,20048512,1.1691452072432942,1.1691452072432942
2024-06-08,20055665,1.169242670975991,1.169242670975991
2024-06-09,20062817,1.1693464707911665,1.1693464707911665
2024-06-10,20069969,1.1694610129131073,1.1694610129131073
2024-06-11,20077122,1.1695655111189343,1.1695655111189343
2024-06-12,20084274,1.1696831616361583,1.1696831616361583
2024-06-13,20091426,1.169781604352281,1.169781604352281
2024-06-14,20098579,1.169881744906723,1.169881744906723
2024-06-15,20105731,1.1699764496715759,1.1699764496715759
2024-06-16,20112883,1.1700708176702612,1.1700708176702612
2024-06-17,20120036,1.1701734408116244,1.1701734408116244
2024-06-18,20127188,1.170269744706955,1.170269744706955
2024-06-19,20134340,1.1703689740523202,1.1703689740523202
2024-06-20,20141493,1.1704647752539292,1.1704647752539292
2024-06-21,20148645,1.1705570767108742,1.1705570767108742
2024-06-22,20155797,1.1706515298236682,1.1706515298236682
2024-06-23,20162950,1.1707479316020135,1.1707479316020135
2024-06-24,20170102,1.1708455145140306,1.1708455145140306
2024-06-25,20177254,1.1709406109973572,1.1709406109973572
2024-06-26,20184406,1.1710361423008997,1.1710361423008997
2024-06-27,20191559,1.1711366076114313,1.1711366076114313
2024-06-28,20198711,1.1712270988961317,1.1712270988961317
2024-06-29,20205863,1.1713165158428795,1.1713165158428795
2024-06-30,20213016,1.1714126578161914,1.1714126578161914
2024-07-01,20220168,1.1715080942201521,1.1715080942201521
2024-07-02,20227320,1.171605619740879,1.171605619740879
2024-07-03,20234473,1.171714733778045,1.171714733778045
2024-07-04,20241625,1.171845812905029,1.171845812905029
2024-07-05,20248777,1.1719431479844222,1.1719431479844222
2024-07-06,20255930,1.1720341464164457,1.1720341464164457
2024-07-07,20263082,1.1721278512734903,1.1721278512734903
2024-07-08,20270234,1.1722231625727928,1.1722231625727928
2024-07-09,20277387,1.1723210888268785,1.1723210888268785
2024-07-10,20284539,1.1724173598214407,1.1724173598214407
2024-07-11,20291691,1.1725154412808718,1.1725154412808718
2024-07-12,20298844,1.1726085767020635,1.1726085767020635
2024-07-13,20305996,1.1727020815168734,1.1727020815168734
2024-07-14,20313148,1.1727957381297833,1.1727957381297833
2024-07-15,20320301,1.1728942283802437,1.1728942283802437
2024-07-16,20327453,1.1729951248151522,1.1729951248151522
2024-07-17,20334605,1.1731023100773574,1.1731023100773574
2024-07-18,20341757,1.1732033117323872,1.1732033117323872
2024-07-19,20348910,1.1732960136794817,1.1732960136794817
2024-07-20,20356062,1.1733869290652943,1.1733869290652943
2024-07-21,20363214,1.173487123849014,1.173487123849014
2024-07-22,20370367,1.1735833495065928,1.1735833495065928
2024-07-23,20377519,1.1736782000811645,1.1736782000811645
2024-07-24,20384671,1.1737744712386815,1.1737744712386815
2024-07-25,20391824,1.1738687448007863,1.1738687448007863
2024-07-26,20398976,1.1739591293412888,1.1739591293412888
2024-07-27,20406128,1.1740563062946612,1.1740563062946612
2024-07-28,20413281,1.174146665442559,1.174146665442559
2024-07-29,20420433,1.174240332176652,1.174240332176652
2024-07-30,20427585,1.1743365685200315,1.1743365685200315
2024-07-31,20434738,1.1744341297079373,1.1744341297079373
2024-08-01,20441890,1.174530768455404,1.174530768455404
2024-08-02,20449042,1.1746288400443214,1.1746288400443214
2024-08-03,20456195,1.1747229343380123,1.1747229343380123
2024-08-04,20463347,1.1750416325899933,1.1750416325899933
2024-08-05,20470499,1.1751566388137908,1.1751566388137908
2024-08-06,20477651,1.175253893464228,1.175253893464228
2024-08-07,20484804,1.1753528196233514,1.1753528196233514
2024-08-08,20491956,1.1754518896739632,1.1754518896739632
2024-08-09,20499108,1.17554582662151,1.17554582662151
2024-08-10,20506261,1.17563436669271,1.17563436669271
2024-08-11,20513413,1.1757305172817698,1.1757305172817698
2024-08-12,20520565,1.175827607446797,1.175827607446797
2024-08-13,20527718,1.1759226145544481,1.1759226145544481
2024-08-14,20534870,1.1760191526210007,1.1760191526210007
2024-08-15,20542022,1.1761132282406053,1.1761132282406053
2024-08-16,20549175,1.1762015029182937,1.1762015029182937
2024-08-17,20556327,1.1762903679241234,1.1762903679241234
2024-08-18,20563479,1.1763798459567991,1.1763798459567991
2024-08-19,20570632,1.176472175710161,1.176472175710161
2024-08-20,20577784,1.1765617061923308,1.1765617061923308
2024-08-21,20584936,1.1766567173447304,1.1766567173447304
2024-08-22,20592089,1.176745136578687,1.176745136578687
2024-08-23,20599241,1.1768361789440749,1.1768361789440749
2024-08-24,20606393,1.176923683300717,1.176923683300717
2024-08-25,20613546,1.177011700751322,1.177011700751322
2024-08-26,20620698,1.1771014582823192,1.1771014582823192
2024-08-27,20627850,1.1772023403419367,1.1772023403419367
2024-08-28,20635002,1.1772917240156657,1.1772917240156657
2024-08-29,20642155,1.1773845838980745,1.1773845838980745
2024-08-30,20649307,1.1774710927540268,1.1774710927540268
2024-08-31,20656459,1.1775573257606773,1.1775573257606773
2024-09-01,20663612,1.1776460240417241,1.1776460240417241
2024-09-02,20670764,1.1777418680359308,1.1777418680359308
2024-09-03,20677916,1.1778355978592905,1.1778355978592905
2024-09-04,20685069,1.1779329721189078,1.1779329721189078
2024-09-05,20692221,1.1780280527994142,1.1780280527994142
2024-09-06,20699373,1.1781552309119623,1.1781552309119623
2024-09-07,20706526,1.1782441270738047,1.1782441270738047
2024-09-08,20713678,1.1783378308842551,1.1783378308842551
2024-09-09,20720830,1.1784353461047181,1.1784353461047181
2024-09-10,20727983,1.1785326957493873,1.1785326957493873
2024-09-11,20735135,1.1786261634083781,1.1786261634083781
2024-09-12,20742287,1.1787189573974903,1.1787189573974903
2024-09-13,20749440,1.1788112400599695,1.1788112400599695
2024-09-14,20756592,1.1789019651344363,1.1789019651344363
2024-09-15,20763744,1.1790038087219907,1.1790038087219907
2024-09-16,20770897,1.1790986895981375,1.1790986895981375
2024-09-17,20778049,1.1791991881877544,1.1791991881877544
2024-09-18,20785201,1.179304487619255,1.179304487619255
2024-09-19,20792353,1.1794103383985888,1.1794103383985888
2024-09-20,20799506,1.179516984851867,1.179516984851867
2024-09-21,20806658,1.1796194750324391,1.1796194750324391
2024-09-22,20813810,1.179722521337083,1.179722521337083
2024-09-23,20820963,1.179826202065778,1.179826202065778
2024-09-24,20828115,1.179928643922774,1.179928643922774
2024-09-25,20835267,1.1800295970906642,1.1800295970906642
2024-09-26,20842420,1.1801340512485265,1.1801340512485265
2024-09-27,20849572,1.1802299774280764,1.1802299774280764
2024-09-28,20856724,1.1803229707536622,1.1803229707536622
2024-09-29,20863877,1.1804186227953986,1.1804186227953986
2024-09-30,20871029,1.1805163871075859,1.1805163871075859
2024-10-01,20878181,1.1806153886033468,1.1806153886033468
2024-10-02,20885334,1.180713051277493,1.180713051277493
2024-10-03,20892486,1.180808398291973,1.180808398291973
2024-10-04,20899638,1.1809016033696358,1.1809016033696358
2024-10-05,20906791,1.1809978282049998,1.1809978282049998
2024-10-06,20913943,1.1810965030862282,1.1810965030862282
2024-10-07,20921095,1.181205118477305,1.181205118477305
2024-10-08,20928248,1.1813160840348438,1.1813160840348438
2024-10-09,20935400,1.1814179394067474,1.1814179394067474
2024-10-10,20942552,1.1815210779300709,1.1815210779300709
2024-10-11,20949704,1.1816201323129067,1.1816201323129067
2024-10-12,20956857,1.1817199513492214,1.1817199513492214
2024-10-13,20964009,1.1818229369037387,1.1818229369037387
2024-10-14,20971161,1.1819226094478814,1.1819226094478814
2024-10-15,20978314,1.1820202739406676,1.1820202739406676
2024-10-16,20985466,1.1821166340042355,1.1821166340042355
2024-10-17,20992618,1.1822129482354147,1.1822129482354147
2024-10-18,20999771,1.1823066429769309,1.1823066429769309
2024-10-19,21006923,1.1823983742210868,1.1823983742210868
2024-10-20,21014075,1.1824901761745257,1.1824901761745257
2024-10-21,21021228,1.1825864703447553,1.1825864703447553
2024-10-22,21028380,1.182681482004348,1.182681482004348
2024-10-23,21035532,1.1827770303942056,1.1827770303942056
2024-10-24,21042685,1.1828732193245919,1.1828732193245919
2024-10-25,21049837,1.1829679513402367,1.1829679513402367
2024-10-26,21056989,1.1830592515848033,1.1830592515848033
2024-10-27,21064142,1.1831489642105357,1.1831489642105357
2024-10-28,21071294,1.1832444263583093,1.1832444263583093
2024-10-29,21078446,1.1833414482096387,1.1833414482096387
2024-10-30,21085599,1.1833414482096387,1.1833414482096387
2024-10-31,21092751,1.1834359276708164,1.1834359276708164
2024-11-01,21099903,1.1835388509895632,1.1835388509895632
2024-11-02,21107055,1.183630778103081,1.183630778103081
2024-11-03,21114208,1.1837237290014087,1.1837237290014087
2024-11-04,21121360,1.1838167020247896,1.1838167020247896
2024-11-05,21128512,1.1839117816796594,1.1839117816796594
2024-11-06,21135665,1.1840160810999838,1.1840160810999838
2024-11-07,21142817,1.1841134285440085,1.1841134285440085
2024-11-08,21149969,1.184211700957551,1.184211700957551
2024-11-09,21157122,1.184312320293305,1.184312320293305
2024-11-10,21164274,1.1844071165402457,1.1844071165402457
2024-11-11,21171426,1.1845062573591887,1.1845062573591887
2024-11-12,21178579,1.1846188035509022,1.1846188035509022
2024-11-13,21185731,1.1847207229844465,1.1847207229844465
2024-11-14,21192883,1.1848350349917478,1.1848350349917478
2024-11-15,21200036,1.1849394469681742,1.1849394469681742
2024-11-16,21207188,1.1850376587728557,1.1850376587728557
2024-11-17,21214340,1.1851324984927902,1.1851324984927902
2024-11-18,21221493,1.185227100109509,1.185227100109509
2024-11-19,21228645,1.185325554498528,1.185325554498528
2024-11-20,21235797,1.1854240135412362,1.1854240135412362
2024-11-21,21242950,1.185520896304547,1.185520896304547
2024-11-22,21250102,1.1856197187046111,1.1856197187046111
2024-11-23,21257254,1.1857164001574203,1.1857164001574203
2024-11-24,21264406,1.1858141328749536,1.1858141328749536
2024-11-25,21271559,1.1859084487163027,1.1859084487163027
2024-11-26,21278711,1.1860057448333123,1.1860057448333123
2024-11-27,21285863,1.1861018830051067,1.1861018830051067
2024-11-28,21293016,1.1861963546426129,1.1861963546426129
2024-11-29,21300168,1.1862875427603516,1.1862875427603516
2024-11-30,21307320,1.1863786298978864,1.1863786298978864
2024-12-01,21314473,1.1864693606751715,1.1864693606751715
2024-12-02,21321625,1.1865650685372746,1.1865650685372746
2024-12-03,21328777,1.1866662195938449,1.1866662195938449
2024-12-04,21335930,1.1867684278166128,1.1867684278166128
2024-12-05,21343082,1.1868658057170318,1.1868658057170318
2024-12-06,21350234,1.1869743497593104,1.1869743497593104
2024-12-07,21357387,1.1870684100553384,1.1870684100553384
2024-12-08,21364539,1.187158821785465,1.187158821785465
2024-12-09,21371691,1.1872517060612076,1.1872517060612076
2024-12-10,21378844,1.187362676214505,1.187362676214505
2024-12-11,21385996,1.1874614270023773,1.1874614270023773
2024-12-12,21393148,1.1875565239090196,1.1875565239090196
2024-12-13,21400301,1.1876507680952693,1.1876507680952693
2024-12-14,21407453,1.1877417262917784,1.1877417262917784
2024-12-15,21414605,1.1878315579264904,1.1878315579264904
2024-12-16,21421757,1.1879244574171026,1.1879244574171026
2024-12-17,21428910,1.1880177600486357,1.1880177600486357
2024-12-18,21436062,1.1881107275744065,1.1881107275744065
2024-12-19,21443214,1.1882073407455118,1.1882073407455118
2024-12-20,21450367,1.188313990768871,1.188313990768871
2024-12-21,21457519,1.1884092039624012,1.1884092039624012
2024-12-22,21464671,1.1885035476879036,1.1885035476879036
2024-12-23,21471824,1.1885966510606885,1.1885966510606885
2024-12-24,21478976,1.188688565591271,1.188688565591271
2024-12-25,21486128,1.18877786077988,1.18877786077988
2024-12-26,21493281,1.1888674582657683,1.1888674582657683
2024-12-27,21500433,1.1889593006524146,1.1889593006524146
2024-12-28,21507585,1.189049226948322,1.189049226948322
2024-12-29,21514738,1.1891385529990333,1.1891385529990333
2024-12-30,21521890,1.189228201354801,1.189228201354801
2024-12-31,21529042,1.1893246808145679,1.1893246808145679
2025-01-01,21536195,1.1894174754381852,1.1894174754381852
2025-01-02,21543347,1.1895149024391347,1.1895149024391347
2025-01-03,21550499,1.1896094872439338,1.1896094872439338
2025-01-04,21557651,1.1897030598824136,1.1897030598824136
2025-01-05,21564804,1.1897945489027177,1.1897945489027177
2025-01-06,21571956,1.1898874097443626,1.1898874097443626
2025-01-07,21579108,1.189982750225777,1.189982750225777
2025-01-08,21586261,1.1900810519443104,1.1900810519443104
2025-01-09,21593413,1.1901773072034219,1.1901773072034219
2025-01-10,21600565,1.1902728285255384,1.1902728285255384
2025-01-11,21607718,1.1903627726026924,1.1903627726026924
2025-01-12,21614870,1.1904507941105238,1.1904507941105238
2025-01-13,21622022,1.1905522722935937,1.1905522722935937
2025-01-14,21629175,1.1906495547782954,1.1906495547782954
2025-01-15,21636327,1.1907426949086106,1.1907426949086106
2025-01-16,21643479,1.1908371794600567,1.1908371794600567
2025-01-17,21650632,1.1909314718716768,1.1909314718716768
2025-01-18,21657784,1.1910286902854719,1.1910286902854719
2025-01-19,21664936,1.1911318833148241,1.1911318833148241
2025-01-20,21672089,1.1912451256772667,1.1912451256772667
2025-01-21,21679241,1.1913569512912536,1.1913569512912536
2025-01-22,21686393,1.1914521718290707,1.1914521718290707
2025-01-23,21693546,1.1915449318882536,1.1915449318882536
2025-01-24,21700698,1.191681658427917,1.191681658427917
2025-01-25,21707850,1.1917731206208502,1.1917731206208502
2025-01-26,21715002,1.191862384385216,1.191862384385216
2025-01-27,21722155,1.1919627492250138,1.1919627492250138
2025-01-28,21729307,1.1920576092559632,1.1920576092559632
2025-01-29,21736459,1.1921489750878695,1.1921489750878695
2025-01-30,21743612,1.192243021352491,1.192243021352491
2025-01-31,21750764,1.192334343817843,1.192334343817843
2025-02-01,21757916,1.192426585477611,1.192426585477611
2025-02-02,21765069,1.1925169794867485,1.1925169794867485
2025-02-03,21772221,1.192901380429707,1.192901380429707
2025-02-04,21779373,1.1930094892843577,1.1930094892843577
2025-02-05,21786526,1.1931085328812197,1.1931085328812197
2025-02-06,21793678,1.1932005782261947,1.1932005782261947
2025-02-07,21800830,1.1932960496111447,1.1932960496111447
2025-02-08,21807983,1.1933890988088451,1.1933890988088451
2025-02-09,21815135,1.1934775457358178,1.1934775457358178
2025-02-10,21822287,1.1935709197235234,1.1935709197235234
2025-02-11,21829440,1.1936626795376255,1.1936626795376255
2025-02-12,21836592,1.1937546259290768,1.1937546259290768
2025-02-13,21843744,1.1938512431153994,1.1938512431153994
2025-02-14,21850897,1.193944434812541,1.193944434812541
2025-02-15,21858049,1.19403230577463,1.19403230577463
2025-02-16,21865201,1.1941189636095542,1.1941189636095542
2025-02-17,21872353,1.1942093785212735,1.1942093785212735
2025-02-18,21879506,1.1943056567583863,1.1943056567583863
2025-02-19,21886658,1.194396754009879,1.194396754009879
2025-02-20,21893810,1.1944857953168586,1.1944857953168586
2025-02-21,21900963,1.1945753847268155,1.1945753847268155
2025-02-22,21908115,1.1946739570863365,1.1946739570863365
2025-02-23,21915267,1.1947634971637393,1.1947634971637393
2025-02-24,21922420,1.194854859945169,1.194854859945169
2025-02-25,21929572,1.1949892750899371,1.1949892750899371
2025-02-26,21936724,1.1950868631230378,1.1950868631230378
2025-02-27,21943877,1.195189608361801,1.195189608361801
2025-02-28,21951029,1.1953231136976585,1.1953231136976585
2025-03-01,21958181,1.195416371499625,1.195416371499625
2025-03-02,21965334,1.1955068647435065,1.1955068647435065
2025-03-03,21972486,1.1956158861034119,1.1956158861034119
2025-03-04,21979638,1.1957342238709052,1.1957342238709052
2025-03-05,21986791,1.195836129576743,1.195836129576743
2025-03-06,21993943,1.1959302707099988,1.1959302707099988
2025-03-07,22001095,1.1960302407722136,1.1960302407722136
2025-03-08,22008248,1.1961268558926814,1.1961268558926814
2025-03-09,22015400,1.1962158951822295,1.1962158951822295
2025-03-10,22022552,1.19631625062788,1.19631625062788
2025-03-11,22029704,1.1964751501376638,1.1964751501376638
2025-03-12,22036857,1.1965931619504124,1.1965931619504124
2025-03-13,22044009,1.1966857394497126,1.1966857394497126
2025-03-14,22051161,1.1967778511143137,1.1967778511143137
2025-03-15,22058314,1.1968694174467078,1.1968694174467078
2025-03-16,22065466,1.196958368134494,1.196958368134494
2025-03-17,22072618,1.1970464647142296,1.1970464647142296
2025-03-18,22079771,1.197138034344173,1.197138034344173
2025-03-19,22086923,1.1972322053325968,1.1972322053325968
2025-03-20,22094075,1.1973282552137208,1.1973282552137208
2025-03-21,22101228,1.1974181343748531,1.1974181343748531
2025-03-22,22108380,1.197505632241315,1.197505632241315
2025-03-23,22115532,1.1975929881294618,1.1975929881294618
2025-03-24,22122685,1.1976805238292325,1.1976805238292325
2025-03-25,22129837,1.1977692189892084,1.1977692189892084
2025-03-26,22136989,1.1978574285854628,1.1978574285854628
2025-03-27,22144142,1.1979475977399612,1.1979475977399612
2025-03-28,22151294,1.1980466269151926,1.1980466269151926
2025-03-29,22158446,1.1981388820695538,1.1981388820695538
2025-03-30,22165599,1.198229603271155,1.198229603271155
2025-03-31,22172751,1.1983196110636447,1.1983196110636447
2025-04-01,22179903,1.198411060292232,1.198411060292232
2025-04-02,22187055,1.1985016744670522,1.1985016744670522
2025-04-03,22194208,1.1985999150309035,1.1985999150309035
2025-04-04,22201360,1.1986935089565507,1.1986935089565507
2025-04-05,22208512,1.1987848278933897,1.1987848278933897
2025-04-06,22215665,1.1988722631362352,1.1988722631362352
2025-04-07,22222817,1.1991135064734209,1.1991135064734209
2025-04-08,22229969,1.1992160128816454,1.1992160128816454
2025-04-09,22237122,1.1993241408006878,1.1993241408006878
2025-04-10,22244274,1.1994337273640425,1.1994337273640425
2025-04-11,22251426,1.199537555107881,1.199537555107881
2025-04-12,22258579,1.199632370416697,1.199632370416697
2025-04-13,22265731,1.199725767953057,1.199725767953057
2025-04-14,22272883,1.1998235423648977,1.1998235423648977
2025-04-15,22280036,1.199916584147358,1.199916584147358
2025-04-16,22287188,1.2000097794962332,1.2000097794962332
2025-04-17,22294340,1.2001013695914757,1.2001013695914757
2025-04-18,22301493,1.2001908132525627,1.2001908132525627
2025-04-19,22308645,1.2002784673507738,1.2002784673507738
2025-04-20,22315797,1.2003667000686518,1.2003667000686518
2025-04-21,22322950,1.2004570743474838,1.2004570743474838
2025-04-22,22330102,1.2005495861405295,1.2005495861405295
2025-04-23,22337254,1.2006535147231632,1.2006535147231632
2025-04-24,22344406,1.2007492914980373,1.2007492914980373
2025-04-25,22351559,1.2008413870392158,1.2008413870392158
2025-04-26,22358711,1.200932260731009,1.200932260731009
2025-04-27,22365863,1.2010207972593208,1.2010207972593208
2025-04-28,22373016,1.2011097661085808,1.2011097661085808
2025-04-29,22380168,1.201202679909283,1.201202679909283
2025-04-30,22387320,1.2012910258847882,1.2012910258847882
2025-05-01,22394473,1.2013826729087442,1.2013826729087442
2025-05-02,22401625,1.2014725883696191,1.2014725883696191
2025-05-03,22408777,1.201560511353448,1.201560511353448
2025-05-04,22415930,1.2016476765128687,1.2016476765128687
2025-05-05,22423082,1.2017364444560077,1.2017364444560077
2025-05-06,22430234,1.2018258807888147,1.2018258807888147
2025-05-07,22437387,1.2019143817219593,1.2019143817219593
2025-05-08,22444539,1.2020035303290237,1.2020035303290237
2025-05-09,22451691,1.2021180250179768,1.2021180250179768
2025-05-10,22458844,1.2022165369708093,1.2022165369708093
2025-05-11,22465996,1.2023198434798312,1.2023198434798312
2025-05-12,22473148,1.2024162630779176,1.2024162630779176
2025-05-13,22480301,1.202512817696234,1.202512817696234
2025-05-14,22487453,1.2026083849801998,1.2026083849801998
2025-05-15,22494605,1.202701030134723,1.202701030134723
2025-05-16,22501757,1.2027953949532004,1.2027953949532004
2025-05-17,22508910,1.2028862105219384,1.2028862105219384
2025-05-18,22516062,1.2029726715929185,1.2029726715929185
2025-05-19,22523214,1.2030734667940644,1.2030734667940644
2025-05-20,22530367,1.2031700338367564,1.2031700338367564
2025-05-21,22537519,1.203261827623277,1.203261827623277
2025-05-22,22544671,1.203358700915841,1.203358700915841
2025-05-23,22551824,1.2034556132797443,1.2034556132797443
2025-05-24,22558976,1.2035479101543909,1.2035479101543909
2025-05-25,22566128,1.2036362270171737,1.2036362270171737
2025-05-26,22573281,1.203725954711711,1.203725954711711
2025-05-27,22580433,1.2038164149530366,1.2038164149530366
2025-05-28,22587585,1.2039097042294111,1.2039097042294111
2025-05-29,22594738,1.2040043678559096,1.2040043678559096
2025-05-30,22601890,1.204100144063643,1.204100144063643
2025-05-31,22609042,1.204195331203907,1.204195331203907
2025-06-01,22616195,1.2042846689482394,1.2042846689482394
2025-06-02,22623347,1.2043745856724073,1.2043745856724073
2025-06-03,22630499,1.2044665655899005,1.2044665655899005
2025-06-04,22637651,1.204558909198231,1.204558909198231
2025-06-05,22644804,1.2046501226723034,1.2046501226723034
2025-06-06,22651956,1.2047450632971515,1.2047450632971515
2025-06-07,22659108,1.204835565264684,1.204835565264684
2025-06-08,22666261,1.2049240295552872,1.2049240295552872
2025-06-09,22673413,1.2050124600214016,1.2050124600214016
2025-06-10,22680565,1.205104996076349,1.205104996076349
2025-06-11,22687718,1.2051975320418844,1.2051975320418844
2025-06-12,22694870,1.2052910564391435,1.2052910564391435
2025-06-13,22702022,1.205386737787904,1.205386737787904
2025-06-14,22709175,1.2054737808283786,1.2054737808283786
2025-06-15,22716327,1.205558486114536,1.205558486114536
2025-06-16,22723479,1.2056461174237205,1.2056461174237205
2025-06-17,22730632,1.2057370783366566,1.2057370783366566
2025-06-18,22737784,1.2058249416544986,1.2058249416544986
2025-06-19,22744936,1.205915662820263,1.205915662820263
2025-06-20,22752089,1.2060040987621514,1.2060040987621514
2025-06-21,22759241,1.206093165589654,1.206093165589654
2025-06-22,22766393,1.2061911239180414,1.2061911239180414
2025-06-23,22773546,1.206289747464661,1.206289747464661
2025-06-24,22780698,1.2063844374671757,1.2063844374671757
2025-06-25,22787850,1.2064754820734804,1.2064754820734804
2025-06-26,22795002,1.2065658562396715,1.2065658562396715
2025-06-27,22802155,1.2066564170372946,1.2066564170372946
2025-06-28,22809307,1.206743348066284,1.206743348066284
2025-06-29,22816459,1.2068307055285066,1.2068307055285066
2025-06-30,22823612,1.2069184593273736,1.2069184593273736
2025-07-01,22830764,1.20700719186041,1.20700719186041
2025-07-02,22837916,1.2070959571383586,1.2070959571383586
2025-07-03,22845069,1.2071852688758709,1.2071852688758709
2025-07-04,22852221,1.2072744126950576,1.2072744126950576
2025-07-05,22859373,1.207360649010927,1.207360649010927
2025-07-06,22866526,1.2074473500525058,1.2074473500525058
2025-07-07,22873678,1.2075352898895466,1.2075352898895466
2025-07-08,22880830,1.2076237445388114,1.2076237445388114
2025-07-09,22887983,1.2077124985924759,1.2077124985924759
2025-07-10,22895135,1.207805461674524,1.207805461674524
2025-07-11,22902287,1.2079012444748598,1.2079012444748598
2025-07-12,22909440,1.2079905380735165,1.2079905380735165
2025-07-13,22916592,1.208077109476053,1.208077109476053
2025-07-14,22923744,1.2081680398992483,1.2081680398992483
2025-07-15,22930897,1.2082584656281057,1.2082584656281057
2025-07-16,22938049,1.2083511720004483,1.2083511720004483
2025-07-17,22945201,1.2084464593797064,1.2084464593797064
2025-07-18,22952353,1.2085404469919605,1.2085404469919605
2025-07-19,22959506,1.2086288789561557,1.2086288789561557
2025-07-20,22966658,1.2087174857041387,1.2087174857041387
2025-07-21,22973810,1.2088104821738044,1.2088104821738044
2025-07-22,22980963,1.2089018727851737,1.2089018727851737
2025-07-23,22988115,1.2089896470689325,1.2089896470689325
2025-07-24,22995267,1.2090829113787818,1.2090829113787818
2025-07-25,23002420,1.2091745423423954,1.2091745423423954
2025-07-26,23009572,1.2092625973510183,1.2092625973510183
2025-07-27,23016724,1.2093513975446422,1.2093513975446422
2025-07-28,23023877,1.2094375640168356,1.2094375640168356
2025-07-29,23031029,1.2095257998835944,1.2095257998835944
2025-07-30,23038181,1.2096158030751576,1.2096158030751576
2025-07-31,23045334,1.2097045157270074,1.2097045157270074
2025-08-01,23052486,1.2097935509247082,1.2097935509247082
2025-08-02,23059638,1.2098807338095199,1.2098807338095199
2025-08-03,23066791,1.2099731029573526,1.2099731029573526
2025-08-04,23073943,1.2100606395027915,1.2100606395027915
2025-08-05,23081095,1.210148407573673,1.210148407573673
2025-08-06,23088248,1.2102368799452612,1.2102368799452612
2025-08-07,23095400,1.210323837269119,1.210323837269119
2025-08-08,23102552,1.210411673606642,1.210411673606642
2025-08-09,23109704,1.2105005095142285,1.2105005095142285
2025-08-10,23116857,1.2105876177227732,1.2105876177227732
2025-08-11,23124009,1.210676115255899,1.210676115255899
2025-08-12,23131161,1.2107655835917364,1.2107655835917364
2025-08-13,23138314,1.210861795325639,1.210861795325639
2025-08-14,23145466,1.2109534580744674,1.2109534580744674
2025-08-15,23152618,1.2110558705310128,1.2110558705310128
2025-08-16,23159771,1.211145535592958,1.211145535592958
2025-08-17,23166923,1.2112330156553497,1.2112330156553497
2025-08-18,23174075,1.2113212272000835,1.2113212272000835
2025-08-19,23181228,1.2114090595593843,1.2114090595593843
2025-08-20,23188380,1.2114957527294048,1.2114957527294048
2025-08-21,23195532,1.2115839790398242,1.2115839790398242
2025-08-22,23202685,1.2116755595568531,1.2116755595568531
2025-08-23,23209837,1.2117698306702636,1.2117698306702636
2025-08-24,23216989,1.211856055573805,1.211856055573805
2025-08-25,23224142,1.2119465493722863,1.2119465493722863
2025-08-26,23231294,1.212039398681098,1.212039398681098
2025-08-27,23238446,1.2121262869755165,1.2121262869755165
2025-08-28,23245599,1.2122145102106385,1.2122145102106385
2025-08-29,23252751,1.2123013009492256,1.2123013009492256
2025-08-30,23259903,1.212388669091406,1.212388669091406
2025-08-31,23267055,1.2124794901730076,1.2124794901730076
2025-09-01,23274208,1.2125718903511367,1.2125718903511367
2025-09-02,23281360,1.212664017342768,1.212664017342768
2025-09-03,23288512,1.2127543104472647,1.2127543104472647
2025-09-04,23295665,1.2128404676141786,1.2128404676141786
2025-09-05,23302817,1.2129304268101444,1.2129304268101444
2025-09-06,23309969,1.213017326229662,1.213017326229662
2025-09-07,23317122,1.2131028495845202,1.2131028495845202
2025-09-08,23324274,1.2131884162879139,1.2131884162879139
2025-09-09,23331426,1.2132748452071913,1.2132748452071913
2025-09-10,23338579,1.2133653871381702,1.2133653871381702
2025-09-11,23345731,1.2134528865368177,1.2134528865368177
2025-09-12,23352883,1.2135403188900782,1.2135403188900782
2025-09-13,23360036,1.2136281097540236,1.2136281097540236
2025-09-14,23367188,1.2137144801505442,1.2137144801505442
2025-09-15,23374340,1.213800672914856,1.213800672914856
2025-09-16,23381493,1.213887065591842,1.213887065591842
2025-09-17,23388645,1.2139728899732027,1.2139728899732027
2025-09-18,23395797,1.2140608204797145,1.2140608204797145
2025-09-19,23402950,1.2141515658684852,1.2141515658684852
2025-09-20,23410102,1.2142397920179635,1.2142397920179635
2025-09-21,23417254,1.2143241833736869,1.2143241833736869
2025-09-22,23424406,1.2144121363956095,1.2144121363956095
2025-09-23,23431559,1.2145008242585893,1.2145008242585893
2025-09-24,23438711,1.2145889296841759,1.2145889296841759
2025-09-25,23445863,1.2146741501814629,1.2146741501814629
2025-09-26,23453016,1.2147612586492398,1.2147612586492398
2025-09-27,23460168,1.2148539743639484,1.2148539743639484
2025-09-28,23467320,1.2149387487407861,1.2149387487407861
2025-09-29,23474473,1.2150234312411794,1.2150234312411794
2025-09-30,23481625,1.215109858893216,1.215109858893216
2025-10-01,23488777,1.215194996881529,1.215194996881529
2025-10-02,23495930,1.2152806741718296,1.2152806741718296
2025-10-03,23503082,1.2153661965791658,1.2153661965791658
2025-10-04,23510234,1.2154521157525662,1.2154521157525662
2025-10-05,23517387,1.2155373951260855,1.2155373951260855
2025-10-06,23524539,1.2156223122076903,1.2156223122076903
2025-10-07,23531691,1.2157272834805846,1.2157272834805846
2025-10-08,23538844,1.215814292961442,1.215814292961442
2025-10-09,23545996,1.2159009063344022,1.2159009063344022
2025-10-10,23553148,1.2159889053309785,1.2159889053309785
2025-10-11,23560301,1.2162236598898037,1.2162236598898037
2025-10-12,23567453,1.2163110397571126,1.2163110397571126
2025-10-13,23574605,1.2164000794202454,1.2164000794202454
2025-10-14,23581757,1.2164885743300355,1.2164885743300355
2025-10-15,23588910,1.2165762572803704,1.2165762572803704
2025-10-16,23596062,1.216662718755648,1.216662718755648
2025-10-17,23603214,1.2167518044839258,1.2167518044839258
2025-10-18,23610367,1.2168382457965174,1.2168382457965174
2025-10-19,23617519,1.2169239608123588,1.2169239608123588
2025-10-20,23624671,1.2170096163599344,1.2170096163599344
2025-10-21,23631824,1.217095951766843,1.217095951766843
2025-10-22,23638976,1.2171843062062304,1.2171843062062304
2025-10-23,23646128,1.217269479022568,1.217269479022568
2025-10-24,23653281,1.2173541103272416,1.2173541103272416
2025-10-25,23660433,1.217438914354261,1.217438914354261
2025-10-26,23667585,1.2175226294133734,1.2175226294133734
2025-10-27,23674738,1.217608678668835,1.217608678668835
2025-10-28,23681890,1.2176930121474765,1.2176930121474765
2025-10-29,23689042,1.2177773283394153,1.2177773283394153
2025-10-30,23696195,1.2178630157642978,1.2178630157642978
2025-10-31,23703347,1.2179486659812828,1.2179486659812828
2025-11-01,23710499,1.2180331722646207,1.2180331722646207
2025-11-02,23717651,1.2181164152797608,1.2181164152797608
2025-11-03,23724804,1.2182094873338,1.2182094873338
2025-11-04,23731956,1.2182985823837404,1.2182985823837404
2025-11-05,23739108,1.218397621551291,1.218397621551291
2025-11-06,23746261,1.2184831139019943,1.2184831139019943
2025-11-07,23753413,1.2185715578876861,1.2185715578876861
2025-11-08,23760565,1.218658256340452,1.218658256340452
2025-11-09,23767718,1.218741946734574,1.218741946734574
2025-11-10,23774870,1.2188280573995016,1.2188280573995016
2025-11-11,23782022,1.2189156483225925,1.2189156483225925
2025-11-12,23789175,1.2190003413388615,1.2190003413388615
2025-11-13,23796327,1.2190854686468802,1.2190854686468802
2025-11-14,23803479,1.2191777964603312,1.2191777964603312
2025-11-15,23810632,1.2192651999259092,1.2192651999259092
2025-11-16,23817784,1.2193501860268487,1.2193501860268487
2025-11-17,23824936,1.2194389146138522,1.2194389146138522
2025-11-18,23832089,1.2195313526313032,1.2195313526313032
2025-11-19,23839241,1.2196181121911274,1.2196181121911274
2025-11-20,23846393,1.2197179096672985,1.2197179096672985
2025-11-21,23853546,1.2198347492974713,1.2198347492974713
2025-11-22,23860698,1.2199248380889156,1.2199248380889156
2025-11-23,23867850,1.2200098229599474,1.2200098229599474
2025-11-24,23875002,1.2200948448417972,1.2200948448417972
2025-11-25,23882155,1.2201802228359102,1.2201802228359102
2025-11-26,23889307,1.2202656124386464,1.2202656124386464
2025-11-27,23896459,1.2203541338986303,1.2203541338986303
2025-11-28,23903612,1.2204402160304872,1.2204402160304872
2025-11-29,23910764,1.2205260005010983,1.2205260005010983
2025-11-30,23917916,1.2206105975249004,1.2206105975249004
2025-12-01,23925069,1.2206984416668256,1.2206984416668256
2025-12-02,23932221,1.2207857909931723,1.2207857909931723
2025-12-03,23939373,1.220874507519709,1.220874507519709
2025-12-04,23946526,1.2209535326280796,1.2209535326280796
2025-12-05,23953678,1.2210386742392492,1.2210386742392492
2025-12-06,23960830,1.221122928957343,1.221122928957343
2025-12-07,23967983,1.221207180317361,1.221207180317361
2025-12-08,23975135,1.221293240809822,1.221293240809822
2025-12-09,23982287,1.2214634075547786,1.2214634075547786
2025-12-10,23989440,1.221548290239519,1.221548290239519
2025-12-11,23996592,1.2216327546008239,1.2216327546008239
2025-12-12,24003744,1.2217175430953873,1.2217175430953873
2025-12-13,24010897,1.2218011546888705,1.2218011546888705
2025-12-14,24018049,1.2218850023104406,1.2218850023104406
2025-12-15,24025201,1.2219710648058608,1.2219710648058608
2025-12-16,24032353,1.222056061435803,1.222056061435803
2025-12-17,24039506,1.2221420390026372,1.2221420390026372
2025-12-18,24046658,1.222235217741455,1.222235217741455
2025-12-19,24053810,1.2223209900657448,1.2223209900657448
2025-12-20,24060963,1.2223209900657448,1.2223209900657448
2025-12-21,24068115,1.2224056477810372,1.2224056477810372
2025-12-22,24075267,1.2224910133276194,1.2224910133276194
2025-12-23,24082420,1.2225767048506733,1.2225767048506733
2025-12-24,24089572,1.222661754420935,1.222661754420935
2025-12-25,24096724,1.2227472007280722,1.2227472007280722
2025-12-26,24103877,1.222832790618535,1.222832790618535
2025-12-27,24111029,1.222917533715928,1.222917533715928
2025-12-28,24118181,1.2230022972857688,1.2230022972857688
2025-12-29,24125334,1.2230875212813117,1.2230875212813117
2025-12-30,24132486,1.2231727445943006,1.2231727445943006
2025-12-31,24139638,1.2232588904107793,1.2232588904107793
2026-01-01,24146791,1.223344128591588,1.223344128591588
2026-01-02,24153943,1.2234295288525314,1.2234295288525314
2026-01-03,24161095,1.223514911766864,1.223514911766864
2026-01-04,24168248,1.2235987894368008,1.2235987894368008
2026-01-05,24175400,1.2236828627555296,1.2236828627555296
2026-01-06,24182552,1.2237679050946686,1.2237679050946686
2026-01-07,24189704,1.2238530210252168,1.2238530210252168
2026-01-08,24196857,1.22393721982848,1.22393721982848
2026-01-09,24204009,1.2240214080435936,1.2240214080435936
2026-01-10,24211161,1.2241052377399426,1.2241052377399426
2026-01-11,24218314,1.2241877645918258,1.2241877645918258
2026-01-12,24225466,1.2242702921817756,1.2242702921817756
2026-01-13,24232618,1.224353203241445,1.224353203241445
2026-01-14,24239771,1.2244366100131796,1.2244366100131796
2026-01-15,24246923,1.224519431037789,1.224519431037789
2026-01-16,24254075,1.2246017592799325,1.2246017592799325
2026-01-17,24261228,1.224683910558822,1.224683910558822
2026-01-18,24268380,1.22476552421477,1.22476552421477
2026-01-19,24275532,1.2248484055672981,1.2248484055672981
2026-01-20,24282685,1.2249298021054473,1.2249298021054473
2026-01-21,24289837,1.225011299668533,1.225011299668533
2026-01-22,24296989,1.225091827115879,1.225091827115879
2026-01-23,24304142,1.2251709154269623,1.2251709154269623
2026-01-24,24311294,1.2252490029097538,1.2252490029097538
2026-01-25,24318446,1.2253276380106248,1.2253276380106248
2026-01-26,24325599,1.2254076844712631,1.2254076844712631
2026-01-27,24332751,1.225486617410674,1.225486617410674
2026-01-28,24339903,1.2255642355416578,1.2255642355416578
2026-01-29,24347055,1.2256414067463246,1.2256414067463246
2026-01-30,24354208,1.2257230119529903,1.2257230119529903
2026-01-31,24361360,1.2258030907293411,1.2258030907293411
2026-02-01,24368512,1.2259245005886146,1.2259245005886146
2026-02-02,24375665,1.226010751677616,1.226010751677616
2026-02-03,24382817,1.2260890137493548,1.2260890137493548
2026-02-04,24389969,1.2261713985290406,1.2261713985290406
2026-02-05,24397122,1.2262578467825105,1.2262578467825105
2026-02-06,24404274,1.2263880739941564,1.2263880739941564
2026-02-07,24411426,1.2264705628815935,1.2264705628815935
2026-02-08,24418579,1.2265532681397633,1.2265532681397633
2026-02-09,24425731,1.2266314040019084,1.2266314040019084
2026-02-10,24432883,1.2267090253050437,1.2267090253050437
2026-02-11,24440036,1.2267879935604866,1.2267879935604866
2026-02-12,24447188,1.2268679245427512,1.2268679245427512
2026-02-13,24454340,1.226946083334581,1.226946083334581
2026-02-14,24461493,1.22702524269042,1.22702524269042
2026-02-15,24468645,1.2271019604732942,1.2271019604732942
2026-02-16,24475797,1.227182231483433,1.227182231483433
2026-02-17,24482950,1.227259738293014,1.227259738293014
2026-02-18,24490102,1.227337571062729,1.227337571062729
2026-02-19,24497254,1.2274155240744824,1.2274155240744824
2026-02-20,24504406,1.2274941356503442,1.2274941356503442
2026-02-21,24511559,1.2275716567573993,1.2275716567573993
2026-02-22,24518711,1.2276490407293654,1.2276490407293654
2026-02-23,24525863,1.2277270256849162,1.2277270256849162
2026-02-24,24533016,1.2278065994259757,1.2278065994259757
2026-02-25,24540168,1.227885084025978,1.227885084025978
2026-02-26,24547320,1.2279655661460795,1.2279655661460795
2026-02-27,24554473,1.22804377240512,1.22804377240512
2026-02-28,24561625,1.228123223457619,1.228123223457619
2026-03-01,24568777,1.2282024750728164,1.2282024750728164
2026-03-02,24575930,1.2282824987003256,1.2282824987003256
2026-03-03,24583082,1.2283666250773946,1.2283666250773946
2026-03-04,24590234,1.2284513449767627,1.2284513449767627
2026-03-05,24597387,1.2285333765277988,1.2285333765277988
2026-03-06,24604539,1.2286121132864385,1.2286121132864385
2026-03-07,24611691,1.228690567249957,1.228690567249957
2026-03-08,24618844,1.228769219330702,1.228769219330702
2026-03-09,24625996,1.228848994065906,1.228848994065906
2026-03-10,24633148,1.228929215162349,1.228929215162349
2026-03-11,24640301,1.2290109905199287,1.2290109905199287
2026-03-12,24647453,1.2290939347078278,1.2290939347078278
2026-03-13,24654605,1.2292476798613794,1.2292476798613794
2026-03-14,24661757,1.2293288727154819,1.2293288727154819
2026-03-15,24668910,1.2294087419703867,1.2294087419703867
2026-03-16,24676062,1.2294933230452385,1.2294933230452385
2026-03-17,24683214,1.2295743951001088,1.2295743951001088
2026-03-18,24690367,1.2296547678035432,1.2296547678035432
2026-03-19,24697519,1.2297374824681246,1.2297374824681246
2026-03-20,24704671,1.2298198795718278,1.2298198795718278
2026-03-21,24711824,1.2299000974561713,1.2299000974561713
2026-03-22,24718976,1.2299987251385158,1.2299987251385158
2026-03-23,24726128,1.2300829091935812,1.2300829091935812
2026-03-24,24733281,1.2301651976355583,1.2301651976355583
2026-03-25,24740433,1.2302468886648092,1.2302468886648092
2026-03-26,24747585,1.2303296085374158,1.2303296085374158
2026-03-27,24754738,1.2304125468231097,1.2304125468231097
2026-03-28,24761890,1.2304936320754678,1.2304936320754678
2026-03-29,24769042,1.230573972346759,1.230573972346759
2026-03-30,24776195,1.2306551906166636,1.2306551906166636
2026-03-31,24783347,1.2307367761451617,1.2307367761451617
2026-04-01,24790499,1.230818808400084,1.230818808400084
2026-04-02,24797651,1.2309037919373678,1.2309037919373678
2026-04-03,24804804,1.2309850849771333,1.2309850849771333
2026-04-04,24811956,1.2310648711204208,1.2310648711204208
2026-04-05,24819108,1.2311446268476944,1.2311446268476944
2026-04-06,24826261,1.2312249841641034,1.2312249841641034
2026-04-07,24833413,1.2313059294218298,1.2313059294218298
2026-04-08,24840565,1.2313876162655322,1.2313876162655322
2026-04-09,24847718,1.2314671346763284,1.2314671346763284
2026-04-10,24854870,1.231547344432918,1.231547344432918
2026-04-11,24862022,1.2316271628071984,1.2316271628071984
2026-04-12,24869175,1.2317067438203204,1.2317067438203204
2026-04-13,24876327,1.2317874234042905,1.2317874234042905
2026-04-14,24883479,1.2318687369430776,1.2318687369430776
2026-04-15,24890632,1.231948796537482,1.231948796537482
2026-04-16,24897784,1.2320288902950574,1.2320288902950574
2026-04-17,24904936,1.2321114229540673,1.2321114229540673
2026-04-18,24912089,1.2321943895631078,1.2321943895631078
2026-04-19,24919241,1.2322843258713783,1.2322843258713783
2026-04-20,24926393,1.2323797787460287,1.2323797787460287
2026-04-21,24933546,1.2324683925722328,1.2324683925722328
2026-04-22,24940698,1.2325556658893204,1.2325556658893204
2026-04-23,24947850,1.2326438555409653,1.2326438555409653
2026-04-24,24955002,1.232732932248837,1.232732932248837
2026-04-25,24962155,1.2328167226231557,1.2328167226231557
2026-04-26,24969307,1.2329018940689733,1.2329018940689733
2026-04-27,24976459,1.2329865727132951,1.2329865727132951
2026-04-28,24983612,1.233072442395383,1.233072442395383
2026-04-29,24990764,1.23316699229252,1.23316699229252
2026-04-30,24997916,1.2332573076072995,1.2332573076072995
2026-05-01,25005069,1.2333436761871914,1.2333436761871914
2026-05-02,25012221,1.2334263639737446,1.2334263639737446
2026-05-03,25019373,1.2335065792172883,1.2335065792172883
2026-05-04,25026526,1.2335889939792848,1.2335889939792848
2026-05-05,25033678,1.233671094201996,1.233671094201996
2026-05-06,25040830,1.2337567492341885,1.2337567492341885
2026-05-07,25047983,1.2338659257678195,1.2338659257678195
2026-05-08,25055135,1.2339537354283958,1.2339537354283958
2026-05-09,25062287,1.2340393449110887,1.2340393449110887
2026-05-10,25069440,1.2341211759682906,1.2341211759682906
2026-05-11,25076592,1.2342050343848607,1.2342050343848607
2026-05-12,25083744,1.2342897427363615,1.2342897427363615
2026-05-13,25090897,1.234372613551728,1.234372613551728
2026-05-14,25098049,1.2344560962648534,1.2344560962648534
2026-05-15,25105201,1.2345375630542528,1.2345375630542528
2026-05-16,25112353,1.23461960574798,1.23461960574798
2026-05-17,25119506,1.2346996953711549,1.2346996953711549
2026-05-18,25126658,1.2347817361202886,1.2347817361202886
2026-05-19,25133810,1.2348626481742184,1.2348626481742184
2026-05-20,25140963,1.2349431032317795,1.2349431032317795
2026-05-21,25148115,1.2350246622611043,1.2350246622611043
2026-05-22,25155267,1.2351039666230081,1.2351039666230081
2026-05-23,25162420,1.2351836178663076,1.2351836178663076
2026-05-24,25169572,1.2352635375444025,1.2352635375444025
2026-05-25,25176724,1.2353432991488513,1.2353432991488513
2026-05-26,25183877,1.2354234072157786,1.2354234072157786
2026-05-27,25191029,1.2355043570933946,1.2355043570933946
2026-05-28,25198181,1.235587718576246,1.235587718576246
2026-05-29,25205334,1.2356690417687066,1.2356690417687066
2026-05-30,25212486,1.2357499524273563,1.2357499524273563
2026-05-31,25219638,1.2358299946575726,1.2358299946575726
2026-06-01,25226791,1.2359108037644233,1.2359108037644233
2026-06-02,25233943,1.2359924257996915,1.2359924257996915
2026-06-03,25241095,1.2360774915516928,1.2360774915516928
2026-06-04,25248248,1.23616422859429,1.23616422859429
2026-06-05,25255400,1.236256283044584,1.236256283044584
2026-06-06,25262552,1.2363617221900833,1.2363617221900833
2026-06-07,25269704,1.2364421932937475,1.2364421932937475
2026-06-08,25276857,1.2365297008864498,1.2365297008864498
2026-06-09,25284009,1.2366166869937898,1.2366166869937898
2026-06-10,25291161,1.2366977516980233,1.2366977516980233
2026-06-11,25298314,1.2367793005842536,1.2367793005842536
2026-06-12,25305466,1.2368598493854666,1.2368598493854666
2026-06-13,25312618,1.2369394576102761,1.2369394576102761
2026-06-14,25319771,1.2370178161941585,1.2370178161941585
2026-06-15,25326923,1.2370969950357753,1.2370969950357753
2026-06-16,25334075,1.2371779649987964,1.2371779649987964
2026-06-17,25341228,1.2372588040987915,1.2372588040987915
2026-06-18,25348380,1.2373396365943319,1.2373396365943319
2026-06-19,25355532,1.2374205189950633,1.2374205189950633
2026-06-20,25362685,1.237498574957027,1.237498574957027
2026-06-21,25369837,1.2375759898779555,1.2375759898779555
2026-06-22,25376989,1.2376548449689133,1.2376548449689133
2026-06-23,25384142,1.2377352568112274,1.2377352568112274
2026-06-24,25391294,1.2378126321679481,1.2378126321679481
2026-06-25,25398446,1.2378932830097853,1.2378932830097853
2026-06-26,25405599,1.2379825647152127,1.2379825647152127
2026-06-27,25412751,1.2380612374922075,1.2380612374922075
2026-06-28,25419903,1.238137101008513,1.238137101008513
2026-06-29,25427055,1.238213751911737,1.238213751911737
2026-06-30,25434208,1.238292317069881,1.238292317069881
2026-07-01,25441360,1.238369756387413,1.238369756387413
2026-07-02,25448512,1.238448566083594,1.238448566083594
2026-07-03,25455665,1.2385259749089235,1.2385259749089235
2026-07-04,25462817,1.2386020878522952,1.2386020878522952
2026-07-05,25469969,1.238677507234728,1.238677507234728
2026-07-06,25477122,1.2387523080223146,1.2387523080223146
2026-07-07,25484274,1.2388290011286398,1.2388290011286398
2026-07-08,25491426,1.2389057455058012,1.2389057455058012
2026-07-09,25498579,1.2389813938231056,1.2389813938231056
2026-07-10,25505731,1.239056315534198,1.239056315534198
2026-07-11,25512883,1.2391309854998707,1.2391309854998707
2026-07-12,25520036,1.2392051314248984,1.2392051314248984
2026-07-13,25527188,1.2392798360089827,1.2392798360089827
2026-07-14,25534340,1.239355373373749,1.239355373373749
2026-07-15,25539401,1.239430122774538,1.239430122774538
