date,share_price,daily_return_pct,share_price_wei,block,block_timestamp
2026-07-31,1.2158990800440017,,1215899080044001669,25656292,1785542399
2026-08-01,1.2160100921453572,0.00913004238405346,1216010092145356932,25663469,1785628799
2026-08-02,1.216114891239971,0.008618275069505188,1216114891239970993,25670641,1785715199
2026-08-03,1.2161730185004733,0.004779750739092314,1216173018500473285,25677819,1785801599
2026-08-04,1.2162824442731457,0.00899754977357059,1216282444273145491,25684999,1785887999
2026-08-05,1.2163947439212988,0.009233023849164468,1216394743921298681,25692172,1785974399
2026-08-06,1.216458507727296,0.005242032351415737,1216458507727295919,25699361,1786060799
2026-08-07,1.216574760904781,0.009556690733503181,1216574760904781128,25706531,1786147199
2026-08-08,1.2166672719609872,0.0076042228705608395,1216667271960987172,25713689,1786233599
2026-08-09,1.2167263342496362,0.004854432268386333,1216726334249636221,25720867,1786319999
2026-08-10,1.2168269482452307,0.008269237934799278,1216826948245230920,25728039,1786406399
2026-08-11,1.2168846738467038,0.004743945024920926,1216884673846703946,25735200,1786492799
2026-08-12,1.2169821970752734,0.008014171816417281,1216982197075273457,25742366,1786579199
2026-08-13,1.2170866105719005,0.008579706168099221,1217086610571900388,25749550,1786665599
2026-08-14,1.2171538250955065,0.0055225752236598424,1217153825095506426,25756720,1786751999
2026-08-15,1.2172532038856658,0.008164850498793008,1217253203885665897,25763887,1786838399
2026-08-16,1.2173059619757949,0.004334191929888931,1217305961975795026,25771073,1786924799
2026-08-17,1.217408598268066,0.008431429359356812,1217408598268065953,25778250,1787011199
2026-08-18,1.2175036695721306,0.0078093176111737606,1217503669572130477,25785424,1787097599
2026-08-19,1.2175566301180336,0.004349929057845259,1217556630118033590,25792601,1787183999
2026-08-20,1.2176879651879025,0.010786773002591232,1217687965187902398,25799779,1787270399
2026-08-21,1.2178172549535495,0.010617643381816144,1217817254953549640,25806958,1787356799
2026-08-22,1.2178898980606077,0.005965025274745628,1217889898060607709,25814126,1787443199
2026-08-23,1.2180006895108297,0.009097000508706543,1218000689510829845,25821305,1787529599
2026-08-24,1.2180768116491192,0.006249761510401797,1218076811649119179,25828483,1787615999
2026-08-25,1.2181730465574645,0.007900561559415209,1218173046557464604,25835657,1787702399
2026-08-26,1.2182645304406818,0.007509925086246483,1218264530440681644,25842829,1787788799
2026-08-27,1.21832777097123,0.005191034374552039,1218327770971229924,25850009,1787875199
2026-08-28,1.2184286786921803,0.008282477290166845,1218428678692180249,25857181,1787961599
2026-08-29,1.218520732277755,0.007555106604462125,1218520732277754882,25864358,1788047999
2026-08-30,1.2185727907760793,0.004272270216287843,1218572790776079437,25871535,1788134399
2026-08-31,1.2186712281325338,0.008078085872220697,1218671228132533739,25878704,1788220799
2026-09-01,1.2187226233956958,0.004217319813215603,1218722623395695899,25885878,1788307199
2026-09-02,1.2188350388557165,0.009224039815358687,1218835038855716733,25893051,1788393599
2026-09-03,1.218927479260362,0.007584324514686713,1218927479260362081,25900226,1788479999
2026-09-04,1.2190014918489314,0.006071943559304849,1219001491848931208,25907399,1788566399
2026-09-05,1.2191147602983934,0.009291904088670755,1219114760298393401,25914574,1788652799
2026-09-06,1.219232013295039,0.009617880158940828,1219232013295038903,25921753,1788739199
2026-09-07,1.2193073325936759,0.006177601786672149,1219307332593675805,25928919,1788825599
2026-09-08,1.2194229169321986,0.009479508195608943,1219422916932198709,25936089,1788911999
2026-09-09,1.2195029063642624,0.00655961364617319,1219502906364262387,25943260,1788998399
2026-09-10,1.2196214502079281,0.009720669220802947,1219621450207928184,25950430,1789084799
2026-09-11,1.2197411481055125,0.009814348342596091,1219741148105512396,25957605,1789171199
2026-09-12,1.2198247393719968,0.006853197222556062,1219824739371996732,25964780,1789257599
2026-09-13,1.2199393169372903,0.009392953069031762,1219939316937290243,25971961,1789343999
2026-09-14,1.2200564642118814,0.00960271326324591,1220056464211881516,25979136,1789430399
2026-09-15,1.2201344458898442,0.006391644997605361,1220134445889844250,25986306,1789516799
2026-09-16,1.2202537700544198,0.009779591501368756,1220253770054419633,25993481,1789603199
2026-09-17,1.2203306802127403,0.006302800303337186,1220330680212740337,26000650,1789689599
2026-09-18,1.220417039252252,0.007076691663332468,1220417039252251837,26007835,1789775999
2026-09-19,1.2205252204393462,0.0088642802922978,1220525220439346069,26014997,1789862399
2026-09-20,1.220607684811292,0.0067564660332086746,1220607684811291915,26022169,1789948799
2026-09-21,1.220720605073815,0.009251151203470975,1220720605073814983,26029315,1790035199
2026-09-22,1.2208140726931807,0.007656757736129727,1220814072693180732,26036463,1790121599
2026-09-23,1.2208909824145433,0.006299871789083866,1220890982414543388,26043610,1790207999
2026-09-24,1.2210069209353722,0.009496222226124118,1221006920935372182,26050748,1790294399
2026-09-25,1.2210836853257436,0.006286974222269315,1221083685325743608,26057904,1790380799
2026-09-26,1.2211946179212234,0.00908476600030017,1221194617921223405,26065069,1790467199
2026-09-27,1.221301836992122,0.00877985124771996,1221301836992122027,26072221,1790553599
2026-09-28,1.2213756446871122,0.006043362316732193,1221375644687112245,26079396,1790639999
2026-09-29,1.2215384937336404,0.013333248230096295,1221538493733640542,26086569,1790726399
