date,timestamp_utc,official_ui_apy_pct,tvl_usd,hold_1d_apy_pct,delta_hold_1d_vs_ui_pp,hold_7d_apy_pct,delta_hold_7d_vs_ui_pp,hold_30d_apy_pct,delta_hold_30d_vs_ui_pp
2023-02-20,,11.38012,145454.0,,,,,,
2023-02-21,,10.21325,14508115.0,,,,,,
2023-02-22,,11.64363,15504747.0,,,,,,
2023-02-23,,10.17933,17265096.0,,,,,,
2023-02-24,,8.95506,20695199.0,,,,,,
2023-02-25,,8.13399,21361600.0,,,,,,
2023-02-26,,7.01538,22273912.0,,,,,,
2023-02-27,,6.82005,24517288.0,,,,,,
2023-02-28,,8.5071,24437882.0,,,,,,
2023-03-01,,7.99621,25095799.0,,,,,,
2023-03-02,,9.44619,24839705.0,,,,,,
2023-03-03,,11.06969,23871804.0,,,,,,
2023-03-04,,7.80541,24213502.0,,,,,,
2023-03-05,,7.73888,23886254.0,,,,,,
2023-03-06,,7.11631,25687310.0,,,,,,
2023-03-07,,9.69549,25890415.0,,,,,,
2023-03-08,,8.39381,26358111.0,,,,,,
2023-03-09,,7.5477,24963790.0,,,,,,
2023-03-10,,11.54442,24680833.0,,,,,,
2023-03-11,,31.20139,24470559.0,,,,,,
2023-03-12,,29.25308,28035488.0,,,,,,
2023-03-13,,20.72183,29206083.0,,,,,,
2023-03-14,,8.84402,31939556.0,,,,,,
2023-03-15,,9.12504,31106541.0,,,,,,
2023-03-16,,8.46651,31493863.0,,,,,,
2023-03-17,,10.83054,33668040.0,,,,,,
2023-03-18,,5.46361,34227183.0,,,,,,
2023-03-19,,4.50782,35061413.0,,,,,,
2023-03-20,,21.92599,33975665.0,,,,,,
2023-03-21,,7.35154,35100561.0,,,,,,
2023-03-22,,5.82752,33746336.0,,,,,,
2023-03-23,,7.28915,35315214.0,,,,,,
2023-03-24,,7.18522,34290195.0,,,,,,
2023-03-25,,5.45679,34245059.0,,,,,,
2023-03-26,,5.25031,34894362.0,,,,,,
2023-03-27,,7.04334,33563409.0,,,,,,
2023-03-28,,9.95636,35234116.0,,,,,,
2023-03-29,,6.9887,35297767.0,,,,,,
2023-03-30,,8.40734,35427841.0,,,,,,
2023-03-31,,5.96904,36391569.0,,,,,,
2023-04-01,,6.75536,36622602.0,,,,,,
2023-04-02,,4.86586,37833285.0,,,,,,
2023-04-03,,5.58832,38099587.0,,,,,,
2023-04-04,,7.15217,39452043.0,,,,,,
2023-04-05,,6.62777,41092062.0,,,,,,
2023-04-06,,6.2827,39380574.0,,,,,,
2023-04-07,,6.63912,39369665.0,,,,,,
2023-04-08,,5.4825,39113059.0,,,,,,
2023-04-09,,25.02621,39864401.0,,,,,,
2023-04-10,,5.28497,41973898.0,,,,,,
2023-04-11,,7.24808,41162311.0,,,,,,
2023-04-12,,7.27219,41185312.0,,,,,,
2023-04-13,,5.68338,43214725.0,,,,,,
2023-04-14,,10.37757,45567380.0,,,,,,
2023-04-15,,8.44456,45775214.0,,,,,,
2023-04-16,,5.53239,46495186.0,,,,,,
2023-04-17,,8.14495,45910447.0,,,,,,
2023-04-18,,9.69144,46368663.0,,,,,,
2023-04-19,,14.5239,43646287.0,,,,,,
2023-04-20,,13.1736,43187319.0,,,,,,
2023-04-21,,10.98599,41216220.0,,,,,,
2023-04-22,,8.33157,42396743.0,,,,,,
2023-04-23,,8.81032,42745702.0,,,,,,
2023-04-24,,8.48601,42220669.0,,,,,,
2023-04-25,,9.68866,42843497.0,,,,,,
2023-04-26,,8.38812,42655175.0,,,,,,
2023-04-27,,10.52431,44356096.0,,,,,,
2023-04-28,,9.44973,44505456.0,,,,,,
2023-04-29,,8.05031,45278898.0,,,,,,
2023-04-30,,8.35307,45455546.0,,,,,,
2023-05-01,,12.63784,44061396.0,,,,,,
2023-05-02,,14.76242,46296521.0,,,,,,
2023-05-03,,13.66989,47804388.0,,,,,,
2023-05-04,,13.16537,46976645.0,,,,,,
2023-05-05,,14.38645,51874361.0,,,,,,
2023-05-06,,23.59387,51705732.0,,,,,,
2023-05-07,,17.93057,56786698.0,,,,,,
2023-05-08,,20.28114,54668589.0,,,,,,
2023-05-09,,14.90849,55046425.0,,,,,,
2023-05-10,,13.40086,58372743.0,,,,,,
2023-05-11,,17.6632,57240755.0,,,,,,
2023-05-12,,16.78483,59329693.0,,,,,,
2023-05-13,,9.72718,60105575.0,,,,,,
2023-05-14,,6.68161,60146048.0,,,,,,
2023-05-15,,6.76316,60898255.0,,,,,,
2023-05-16,,10.853,58679589.0,,,,,,
2023-05-17,,8.08501,58794326.0,,,,,,
2023-05-18,,8.83708,58333527.0,,,,,,
2023-05-19,,9.54509,60411112.0,,,,,,
2023-05-20,,6.14671,62028392.0,,,,,,
2023-05-21,,5.90352,60633780.0,,,,,,
2023-05-22,,6.53266,61832947.0,,,,,,
2023-05-23,,7.74894,63190768.0,,,,,,
2023-05-24,,7.63472,61085815.0,,,,,,
2023-05-25,,7.57478,61603054.0,,,,,,
2023-05-26,,7.52961,62527781.0,,,,,,
2023-05-27,,7.8595,62953027.0,,,,,,
2023-05-28,,4.74835,65306303.0,,,,,,
2023-05-29,,7.72298,64306163.0,,,,,,
2023-05-30,,6.31478,64865529.0,,,,,,
2023-05-31,,6.72411,63362576.0,,,,,,
2023-06-01,,5.06322,64427162.0,,,,,,
2023-06-02,,6.22432,65756547.0,,,,,,
2023-06-03,,3.98757,63037203.0,,,,,,
2023-06-04,,3.28203,63444175.0,,,,,,
2023-06-05,,3.88312,58862675.0,,,,,,
2023-06-06,,5.03842,61353388.0,,,,,,
2023-06-07,,4.86436,59708715.0,,,,,,
2023-06-08,,5.04707,59850162.0,,,,,,
2023-06-09,,5.71184,59777448.0,,,,,,
2023-06-10,,8.15135,57397948.0,,,,,,
2023-06-11,,3.65034,57149680.0,,,,,,
2023-06-12,,4.34658,56313856.0,,,,,,
2023-06-13,,4.85307,55748958.0,,,,,,
2023-06-14,,4.37034,52924809.0,,,,,,
2023-06-15,,5.80453,53392060.0,,,,,,
2023-06-16,,5.05493,55210502.0,,,,,,
2023-06-17,,6.62229,55755452.0,,,,,,
2023-06-18,,5.92296,55799437.0,,,,,,
2023-06-19,,4.55087,56385738.0,,,,,,
2023-06-20,,6.32835,57923778.0,,,,,,
2023-06-21,,5.66695,61276420.0,,,,,,
2023-06-22,,6.34984,61016961.0,,,,,,
2023-06-23,,5.48948,62654442.0,,,,,,
2023-06-24,,4.68129,62266239.0,,,,,,
2023-06-25,,3.7745,63197979.0,,,,,,
2023-06-26,,3.78887,61394961.0,,,,,,
2023-06-27,,4.42894,62315815.0,,,,,,
2023-06-28,,5.69632,60564218.0,,,,,,
2023-06-29,,5.62111,60370295.0,,,,,,
2023-06-30,,6.42704,62064221.0,,,,,,
2023-07-01,,6.39568,70630783.0,,,,,,
2023-07-02,,5.21063,71554909.0,,,,,,
2023-07-03,,6.03785,72237913.0,,,,,,
2023-07-04,,6.58069,71453679.0,,,,,,
2023-07-05,,5.84297,73387644.0,,,,,,
2023-07-06,,6.94768,71909621.0,,,,,,
2023-07-07,,7.12812,71976709.0,,,,,,
2023-07-08,,6.97441,71972073.0,,,,,,
2023-07-09,,5.88984,72206974.0,,,,,,
2023-07-10,,6.0672,72569969.0,,,,,,
2023-07-11,,6.89204,72549267.0,,,,,,
2023-07-12,,5.67509,73580817.0,,,,,,
2023-07-13,,6.14982,78356240.0,,,,,,
2023-07-14,,7.40291,75779372.0,,,,,,
2023-07-15,,6.01045,75757235.0,,,,,,
2023-07-16,,5.91784,75989942.0,,,,,,
2023-07-17,,7.13583,75171959.0,,,,,,
2023-07-18,,6.41509,74756181.0,,,,,,
2023-07-19,,6.80589,74294975.0,,,,,,
2023-07-20,,7.14378,81249166.0,,,,,,
2023-07-21,,7.02357,81381517.0,,,,,,
2023-07-22,,6.53319,82260385.0,,,,,,
2023-07-23,,5.49175,82170687.0,,,,,,
2023-07-24,,6.08976,80547377.0,,,,,,
2023-07-25,,6.20464,81274992.0,,,,,,
2023-07-26,,6.1513,81898703.0,,,,,,
2023-07-27,,5.81588,81141293.0,,,,,,
2023-07-28,,5.64247,82028563.0,,,,,,
2023-07-29,,6.5942,82249049.0,,,,,,
2023-07-30,,3.93524,78714565.0,,,,,,
2023-07-31,,12.85743,72956076.0,,,,,,
2023-08-01,,5.17211,72190577.0,,,,,,
2023-08-02,,5.73981,71809300.0,,,,,,
2023-08-03,,5.73881,71680924.0,,,,,,
2023-08-04,,4.76169,71950879.0,,,,,,
2023-08-05,,5.02913,72135293.0,,,,,,
2023-08-06,,4.34513,71814587.0,,,,,,
2023-08-07,,4.80844,71702788.0,,,,,,
2023-08-08,,5.86904,72956024.0,,,,,,
2023-08-09,,5.60532,72905200.0,,,,,,
2023-08-10,,5.6366,72804206.0,,,,,,
2023-08-11,,5.63108,72507243.0,,,,,,
2023-08-12,,5.20235,72778405.0,,,,,,
2023-08-13,,4.61822,70705994.0,,,,,,
2023-08-14,,4.92161,70815958.0,,,,,,
2023-08-15,,5.97771,70132994.0,,,,,,
2023-08-16,,6.53681,69934857.0,,,,,,
2023-08-17,,6.09359,64524080.0,,,,,,
2023-08-18,,12.25594,64687161.0,,,,,,
2023-08-19,,6.40353,64956608.0,,,,,,
2023-08-20,,5.5148,65763101.0,,,,,,
2023-08-21,,6.08828,65291026.0,,,,,,
2023-08-22,,5.9684,63160895.0,,,,,,
2023-08-23,,6.22139,65539473.0,,,,,,
2023-08-24,,6.1898,65348121.0,,,,,,
2023-08-25,,6.16504,65370362.0,,,,,,
2023-08-26,,5.59987,64691796.0,,,,,,
2023-08-27,,4.42324,64529757.0,,,,,,
2023-08-28,,6.41167,64260180.0,,,,,,
2023-08-29,,7.45071,69740714.0,,,,,,
2023-08-30,,7.02471,69085930.0,,,,,,
2023-08-31,,5.2139,67052568.0,,,,,,
2023-09-01,,5.62669,66266522.0,,,,,,
2023-09-02,,4.34107,66801528.0,,,,,,
2023-09-03,,3.77051,66542715.0,,,,,,
2023-09-04,,4.72095,66201388.0,,,,,,
2023-09-05,,5.38745,66582051.0,,,,,,
2023-09-06,,6.69389,66468599.0,,,,,,
2023-09-07,,6.08447,67754764.0,,,,,,
2023-09-08,,5.30141,67208171.0,,,,,,
2023-09-09,,5.91102,67367884.0,,,,,,
2023-09-10,,4.62276,66665687.0,,,,,,
2023-09-11,,5.23217,63717593.0,,,,,,
2023-09-12,,7.62101,65660114.0,,,,,,
2023-09-13,,5.94383,65898260.0,,,,,,
2023-09-14,,4.88102,66610816.0,,,,,,
2023-09-15,,5.49005,67241770.0,,,,,,
2023-09-16,,5.00212,66813210.0,,,,,,
2023-09-17,,3.67154,65673207.0,,,,,,
2023-09-18,,4.39249,64734839.0,,,,,,
2023-09-19,,5.25286,64783535.0,,,,,,
2023-09-20,,5.73962,64046347.0,,,,,,
2023-09-21,,5.74725,61158816.0,,,,,,
2023-09-22,,5.16863,61417451.0,,,,,,
2023-09-23,,4.20555,61364689.0,,,,,,
2023-09-24,,4.51226,61196604.0,,,,,,
2023-09-25,,4.00736,60966536.0,,,,,,
2023-09-26,,5.93446,61070464.0,,,,,,
2023-09-27,,5.32722,61094154.0,,,,,,
2023-09-28,,5.0349,63218253.0,,,,,,
2023-09-29,,4.87897,64205150.0,,,,,,
2023-09-30,,4.8854,64351649.0,,,,,,
2023-10-02,,5.64367,65112132.0,,,,,,
2023-10-03,,6.72603,64968437.0,,,,,,
2023-10-04,,5.67218,64809999.0,,,,,,
2023-10-05,,4.81897,63577229.0,,,,,,
2023-10-06,,4.42217,64529454.0,,,,,,
2023-10-07,,4.54043,64100303.0,,,,,,
2023-10-08,,4.17215,64647917.0,,,,,,
2023-10-09,,3.99128,62028684.0,,,,,,
2023-10-10,,4.21294,61608350.0,,,,,,
2023-10-11,,4.11677,61544736.0,,,,,,
2023-10-12,,3.46548,59715935.0,,,,,,
2023-10-13,,4.15912,59978065.0,,,,,,
2023-10-14,,4.02373,59532930.0,,,,,,
2023-10-15,,2.99758,59538387.0,,,,,,
2023-10-16,,3.58887,60676656.0,,,,,,
2023-10-17,,6.08187,59462772.0,,,,,,
2023-10-18,,8.06005,59661063.0,,,,,,
2023-10-19,,3.89088,60663184.0,,,,,,
2023-10-20,,4.88255,61938647.0,,,,,,
2023-10-21,,5.17466,62770374.0,,,,,,
2023-10-22,,3.93972,63586648.0,,,,,,
2023-10-23,,4.64015,67710660.0,,,,,,
2023-10-24,,7.15266,65933146.0,,,,,,
2023-10-25,,4.84923,66495890.0,,,,,,
2023-10-26,,7.02888,61159229.0,,,,,,
2023-10-27,,6.70453,60116159.0,,,,,,
2023-10-28,,9.08457,61092109.0,,,,,,
2023-10-29,,4.69634,62135472.0,,,,,,
2023-10-30,,4.93294,62239716.0,,,,,,
2023-10-31,,7.17807,62329712.0,,,,,,
2023-11-01,,6.93271,64895160.0,,,,,,
2023-11-02,,7.21726,63539742.0,,,,,,
2023-11-03,,5.98135,70859429.0,,,,,,
2023-11-04,,6.36385,71840374.0,,,,,,
2023-11-05,,5.17208,70616403.0,,,,,,
2023-11-06,,5.95864,71335180.0,,,,,,
2023-11-07,,6.15731,70004229.0,,,,,,
2023-11-08,,6.84435,70586259.0,,,,,,
2023-11-09,,7.1244,81565140.0,,,,,,
2023-11-10,,10.02127,81115077.0,,,,,,
2023-11-11,,7.15631,79874223.0,,,,,,
2023-11-12,,6.51637,80521813.0,,,,,,
2023-11-13,,6.92633,80805267.0,,,,,,
2023-11-14,,9.02386,78330145.0,,,,,,
2023-11-15,,8.06592,82976009.0,,,,,,
2023-11-16,,7.62231,80778124.0,,,,,,
2023-11-17,,6.44441,80076925.0,,,,,,
2023-11-18,,6.81879,80334563.0,,,,,,
2023-11-19,,5.53486,81453826.0,,,,,,
2023-11-20,,6.0612,83161205.0,,,,,,
2023-11-21,,6.45895,82048822.0,,,,,,
2023-11-22,,7.64853,85939563.0,,,,,,
2023-11-23,,7.24327,85588918.0,,,,,,
2023-11-24,,5.82101,86065005.0,,,,,,
2023-11-25,,5.87522,84893375.0,,,,,,
2023-11-26,,5.02667,83954287.0,,,,,,
2023-11-27,,5.76279,81586342.0,,,,,,
2023-11-28,,6.40834,82855364.0,,,,,,
2023-11-29,,7.64994,83189007.0,,,,,,
2023-11-30,,7.25282,83606125.0,,,,,,
2023-12-01,,7.3951,85288856.0,,,,,,
2023-12-02,,6.82919,88301663.0,,,,,,
2023-12-03,,5.70327,91317597.0,,,,,,
2023-12-04,,6.85689,93710871.0,,,,,,
2023-12-05,,7.78606,95579450.0,,,,,,
2023-12-06,,8.1636,92349768.0,,,,,,
2023-12-07,,7.88758,98068155.0,,,,,,
2023-12-08,,8.25428,97362533.0,,,,,,
2023-12-09,,7.17799,96415034.0,,,,,,
2023-12-10,,5.2779,96563751.0,,,,,,
2023-12-11,,6.9674,90310147.0,,,,,,
2023-12-12,,8.10455,82842384.0,,,,,,
2023-12-13,,6.77064,85767720.0,,,,,,
2023-12-14,,6.72559,87134615.0,,,,,,
2023-12-15,,8.71218,86516642.0,,,,,,
2023-12-16,,7.47381,86928212.0,,,,,,
2023-12-17,,7.45427,85956589.0,,,,,,
2023-12-18,,6.90407,83220185.0,,,,,,
2023-12-19,,7.58034,80942567.0,,,,,,
2023-12-20,,6.89535,81048721.0,,,,,,
2023-12-21,,8.95777,84016613.0,,,,,,
2023-12-22,,6.35524,86803035.0,,,,,,
2023-12-23,,6.45503,86977135.0,,,,,,
2023-12-24,,5.65748,86099554.0,,,,,,
2023-12-25,,6.5343,84864185.0,,,,,,
2023-12-26,,5.13998,82644419.0,,,,,,
2023-12-27,,6.36128,87071621.0,,,,,,
2023-12-28,,7.96255,86945723.0,,,,,,
2023-12-29,,6.92497,88994977.0,,,,,,
2023-12-30,,5.89772,89684723.0,,,,,,
2023-12-31,,5.67874,88887970.0,,,,,,
2024-01-01,,5.74738,82433324.0,,,,,,
2024-01-02,,6.4796,82690965.0,,,,,,
2024-01-03,,6.88273,77808015.0,,,,,,
2024-01-04,,15.99002,80357143.0,,,,,,
2024-01-05,,7.47782,79215764.0,,,,,,
2024-01-06,,6.41251,78915026.0,,,,,,
2024-01-07,,5.60108,77863362.0,,,,,,
2024-01-08,,6.69247,82334062.0,,,,,,
2024-01-09,,7.43751,82669427.0,,,,,,
2024-01-10,,9.76718,93805673.0,,,,,,
2024-01-11,,9.77083,92826511.0,,,,,,
2024-01-12,,6.58764,89226473.0,,,,,,
2024-01-13,,7.33166,91742836.0,,,,,,
2024-01-14,,6.69643,92363875.0,,,,,,
2024-01-15,,6.72413,92404500.0,,,,,,
2024-01-16,,7.62254,102370212.0,,,,,,
2024-01-17,,7.04942,99359685.0,,,,,,
2024-01-18,,6.56214,96618505.0,,,,,,
2024-01-19,,11.12614,97958752.0,,,,,,
2024-01-20,,6.16695,98426916.0,,,,,,
2024-01-21,,5.34004,98338169.0,,,,,,
2024-01-22,,6.29346,90771467.0,,,,,,
2024-01-23,,9.17676,87189194.0,,,,,,
2024-01-24,,6.88917,87202377.0,,,,,,
2024-01-25,,7.31369,86752002.0,,,,,,
2024-01-26,,8.36988,88660591.0,,,,,,
2024-01-27,,8.15141,88980165.0,,,,,,
2024-01-28,,7.04735,87865020.0,,,,,,
2024-01-29,,6.83552,90694777.0,,,,,,
2024-01-30,,7.60427,92685694.0,,,,,,
2024-01-31,,8.25017,85567084.0,,,,,,
2024-02-01,,8.21153,86115990.0,,,,,,
2024-02-02,,7.60742,85981302.0,,,,,,
2024-02-03,,8.30675,85546239.0,,,,,,
2024-02-04,,6.73772,79540741.0,,,,,,
2024-02-05,,7.16479,72370398.0,,,,,,
2024-02-06,,7.23929,73368448.0,,,,,,
2024-02-07,,7.84432,74757408.0,,,,,,
2024-02-08,,9.61077,73762121.0,,,,,,
2024-02-09,,10.257,75015284.0,,,,,,
2024-02-10,,9.22227,75283118.0,,,,,,
2024-02-11,,7.72986,75306458.0,,,,,,
2024-02-12,,7.7843,79886811.0,,,,,,
2024-02-13,,12.06734,78041278.0,,,,,,
2024-02-14,,8.52093,85034613.0,,,,,,
2024-02-15,,7.21387,85175420.0,,,,,,
2024-02-16,,9.05282,86410687.0,,,,,,
2024-02-17,,6.27504,86766004.0,14.156178,7.881138,,,,
2024-02-18,,6.5222,89581298.0,13.636518,7.114318,,,,
2024-02-19,,7.0535,90509453.0,7.333904,0.280404,,,,
2024-02-20,,7.33315,93864164.0,7.646032,0.312882,,,,
2024-02-21,,7.89812,86146692.0,7.807107,-0.091013,,,,
2024-02-22,,8.05489,84766168.0,8.009744,-0.045146,,,,
2024-02-23,,7.93692,81445622.0,8.013636,0.076716,9.479916,1.542996,,
2024-02-24,,8.09017,82875655.0,6.569082,-1.521088,8.409558,0.319388,,
2024-02-25,,6.63773,86674753.0,6.860306,0.222576,7.461543,0.823813,,
2024-02-26,,7.04081,89865608.0,7.784573,0.743763,7.525885,0.485075,,
2024-02-27,,7.97824,91821870.0,7.578252,-0.399988,7.516211,-0.462029,,
2024-02-28,,7.81143,94347011.0,8.874844,1.063414,7.667691,-0.143739,,
2024-02-29,,9.0623,93332583.0,7.355506,-1.706794,7.574282,-1.488018,,
2024-03-01,,7.44053,97303203.0,7.933131,0.492601,7.562824,0.122294,,
2024-03-02,,8.19124,96415078.0,7.200132,-0.991108,7.653585,-0.537655,,
2024-03-03,,7.35951,98275582.0,8.056272,0.696762,7.824885,0.465375,,
2024-03-04,,8.16326,99410854.0,9.799048,1.635788,8.110495,-0.052765,,
2024-03-05,,9.79313,97677405.0,11.034616,1.241486,8.600005,-1.193125,,
2024-03-06,,10.9785,107540321.0,9.96363,-1.01487,8.754492,-2.224008,,
2024-03-07,,9.72972,108673911.0,8.233324,-1.496396,8.881086,-0.848634,,
2024-03-08,,8.22506,108351865.0,8.356177,0.131117,8.94195,0.71689,,
2024-03-09,,8.71341,108944052.0,8.417335,-0.296075,9.117808,0.404398,,
2024-03-10,,8.12723,106555835.0,8.837542,0.710312,9.230166,1.102936,,
2024-03-11,,8.94475,112995761.0,9.264856,0.320106,9.15409,0.20934,,
2024-03-12,,9.32473,109792905.0,9.08203,-0.2427,8.877783,-0.446947,,
2024-03-13,,9.31818,110889884.0,8.159234,-1.158946,8.620745,-0.697435,,
2024-03-14,,8.1468,107666428.0,9.429913,1.283113,8.791491,0.644691,,
2024-03-15,,9.11097,104043760.0,6.750818,-2.360152,8.559757,-0.551213,,
2024-03-16,,7.21862,99443602.0,7.531015,0.312395,8.432527,1.213907,,
2024-03-17,,7.8776,102122461.0,6.804344,-1.073256,8.140807,0.263207,8.535441,0.657841
2024-03-18,,7.38066,99149392.0,11.131885,3.751225,8.402869,1.022209,8.438346,1.057686
2024-03-19,,11.56345,90333599.0,8.842005,-2.721445,8.368761,-3.194689,8.282641,-3.280809
2024-03-20,,8.15046,99159731.0,7.982352,-0.168108,8.343425,0.192965,8.304383,0.153923
2024-03-21,,8.04852,98335970.0,6.650002,-1.398518,7.945889,-0.102631,8.270829,0.222309
2024-03-22,,7.2201,93391983.0,7.600713,0.380613,8.068245,0.848145,8.263913,1.043813
2024-03-23,,7.67447,95456511.0,5.97482,-1.69965,7.843422,0.168952,8.195296,0.520826
2024-03-24,,6.49149,96979516.0,7.486614,0.995124,7.941569,1.450079,8.177657,1.686167
2024-03-25,,7.57006,94877051.0,9.083708,1.513648,7.655101,0.085041,8.261788,0.691728
2024-03-26,,9.30504,94570386.0,7.967065,-1.337975,7.531045,-1.773995,8.298978,-1.006062
2024-03-27,,8.52831,95217444.0,7.460103,-1.068207,7.456595,-1.071715,8.288095,-0.240215
2024-03-28,,7.51727,96704968.0,8.005506,0.488236,7.650649,0.133379,8.302403,0.785133
2024-03-29,,8.14504,95375877.0,7.174588,-0.970452,7.589642,-0.555398,8.245596,0.100556
2024-03-30,,7.62746,95006788.0,7.300655,-0.326805,7.780909,0.153449,8.243752,0.616292
2024-03-31,,7.39447,98461160.0,7.551885,0.157415,7.790257,0.395787,8.230985,0.836515
2024-04-01,,7.7318,95149075.0,9.321389,1.589589,7.823778,0.091978,8.3017,0.5699
2024-04-02,,8.36576,89324466.0,7.719258,-0.646502,7.788389,-0.577371,8.290423,-0.075337
2024-04-03,,7.92489,91012356.0,7.491639,-0.433251,7.792907,-0.131983,8.213785,0.288895
2024-04-04,,7.79968,90912820.0,8.236198,0.436518,7.825768,0.026088,8.121748,0.322068
2024-04-05,,8.42248,91557133.0,7.571827,-0.850653,7.882771,-0.539709,8.042521,-0.379959
2024-04-06,,8.26683,93084562.0,7.845444,-0.421386,7.960851,-0.305979,8.029592,-0.237238
2024-04-07,,9.56073,93951088.0,10.250091,0.689361,8.343678,-1.217052,8.092006,-1.468724
2024-04-08,,11.04608,100312180.0,9.386765,-1.659315,8.352931,-2.693149,8.124085,-2.921995
2024-04-09,,12.54355,92493402.0,14.22926,1.68571,9.265042,-3.278508,8.29849,-4.24506
2024-04-10,,14.99489,93161906.0,16.567731,1.572841,10.537676,-4.457214,8.532297,-6.462593
2024-04-11,,15.50881,92230798.0,15.282457,-0.226353,11.538112,-3.970698,8.732489,-6.776321
2024-04-12,,14.30006,84701191.0,22.150203,7.850143,13.581704,-0.718356,9.174283,-5.125777
2024-04-13,,20.17357,80008537.0,22.968223,2.794653,15.731069,-4.442501,9.599585,-10.573985
2024-04-14,,19.84934,83252251.0,13.934735,-5.914605,16.275861,-3.573479,9.837779,-10.011561
2024-04-15,,13.05644,82114453.0,16.738122,3.681682,17.361319,4.304879,10.138978,-2.917462
2024-04-16,,14.28807,81565655.0,13.916366,-0.371704,17.31534,3.02727,10.375906,-3.912164
2024-04-17,,11.88887,79040713.0,13.534319,1.645449,16.874273,4.985403,10.454623,-1.434247
2024-04-18,,11.6333,84507025.0,13.703887,2.070587,16.644296,5.010996,10.615637,-1.017663
2024-04-19,,13.01885,84371902.0,13.725078,0.706228,15.459457,2.440607,10.806857,-2.211993
2024-04-20,,11.08314,87591285.0,11.104158,0.021018,13.79806,2.71492,10.958085,-0.125055
2024-04-21,,9.54241,87887782.0,11.649051,2.106641,13.469086,3.926676,11.09477,1.55236
2024-04-22,,10.72364,89167039.0,11.784651,1.061011,12.768416,2.044776,11.292594,0.568954
2024-04-23,,10.01076,88492054.0,14.716093,4.705333,12.881173,2.870413,11.534339,1.523579
2024-04-24,,14.68614,84479151.0,13.238952,-1.447188,12.839173,-1.846967,11.673415,-3.012725
2024-04-25,,12.12321,85433461.0,13.031717,0.908507,12.743637,0.620427,11.84419,-0.27902
2024-04-26,,11.87292,84708392.0,13.7907,1.91778,12.752928,0.880008,12.057797,0.184877
2024-04-27,,11.06358,87910159.0,13.153683,2.090103,13.04774,1.98416,12.231864,1.168284
2024-04-28,,12.07594,88608545.0,13.946638,1.870698,13.377184,1.301244,12.461317,0.385377
2024-04-29,,7.26864,87947689.0,9.80553,2.53689,13.088225,5.819585,12.547856,5.279216
2024-04-30,,8.29982,82260891.0,10.99186,2.69204,12.556294,4.256474,12.666031,4.366211
2024-05-01,,10.65401,81143248.0,10.913252,0.259242,12.223109,1.569099,12.720335,2.066325
2024-05-02,,8.11252,82019315.0,8.721693,0.609173,11.601564,3.489044,12.755145,4.642625
2024-05-03,,8.22039,87366535.0,9.436297,1.215907,10.981224,2.760834,12.822553,4.602163
2024-05-04,,8.16693,89329204.0,8.37335,0.20642,10.298977,2.132047,12.827316,4.660386
2024-05-05,,6.82629,89822849.0,8.761357,1.935067,9.567544,2.741254,12.868683,6.042393
2024-05-06,,7.98588,87360172.0,8.745049,0.759169,9.415746,1.429866,12.899941,4.914061
2024-05-07,,7.84202,86435995.0,8.489792,0.647772,9.059931,1.217911,12.839385,4.997365
2024-05-08,,7.7131,78331505.0,7.853636,0.140536,8.624977,0.911877,12.786308,5.073208
2024-05-09,,7.34617,80746195.0,7.961922,0.615752,8.516208,1.170038,12.57436,5.22819
2024-05-10,,7.53628,76971565.0,7.804827,0.268547,8.28361,0.74733,12.281485,4.745205
2024-05-11,,7.35855,77316479.0,7.687863,0.329313,8.185499,0.826949,12.026715,4.668165
2024-05-12,,7.06747,80495981.0,7.762948,0.695478,8.043063,0.975593,11.559727,4.492257
2024-05-13,,7.28055,81059892.0,8.59305,1.3125,8.021476,0.740926,11.098385,3.817835
2024-05-14,,8.57526,79422152.0,8.590433,0.015173,8.035785,-0.539475,10.920613,2.345353
2024-05-15,,7.32139,82913148.0,7.993589,0.672199,8.055801,0.734411,10.633106,3.311716
2024-05-16,,7.12192,80843910.0,6.986508,-0.135412,7.915792,0.793872,10.401896,3.279976
2024-05-17,,7.05967,85068166.0,6.798183,-0.261487,7.771258,0.711588,10.177037,3.117367
2024-05-18,,6.69521,85844332.0,7.463091,0.767881,7.739094,1.043884,9.969915,3.274705
2024-05-19,,7.09573,84698520.0,7.416881,0.321151,7.689599,0.593869,9.760927,2.665197
2024-05-20,,6.92704,99830892.0,12.583439,5.656399,8.246206,1.319166,9.80933,2.88229
2024-05-21,,11.84334,104508355.0,8.67859,-3.16475,8.258756,-3.584584,9.710671,-2.132669
2024-05-22,,8.27767,102699250.0,8.846011,0.568341,8.380418,0.102748,9.613291,1.335621
2024-05-23,,8.22913,104762949.0,14.147836,5.918706,9.38824,1.15911,9.595148,1.366018
2024-05-24,,13.36298,104116014.0,0.0,-13.36298,8.365261,-4.997719,9.141889,-4.221091
2024-05-25,,7.71108,104262414.0,16.994455,9.283375,9.688819,1.977739,9.267322,1.556242
2024-05-26,,7.65269,107086191.0,9.129547,1.476857,9.93697,2.28428,9.115091,1.462401
2024-05-27,,8.2287,108408794.0,9.82948,1.60078,9.548706,1.320006,9.006692,0.777992
2024-05-28,,8.71967,107737573.0,9.499857,0.780187,9.666588,0.946918,8.862147,0.142477
2024-05-29,,8.803,105949004.0,10.034036,1.231036,9.83679,1.03379,8.869691,0.066691
2024-05-30,,8.90154,108490561.0,9.786676,0.885136,9.227243,0.325703,8.830078,-0.071462
2024-05-31,,8.94427,115949561.0,9.395587,0.451317,10.637504,1.693234,8.780108,-0.164162
2024-06-01,,8.34054,117563671.0,9.399355,1.058815,9.581694,1.241154,8.802641,0.462101
2024-06-02,,8.47154,116313374.0,9.935459,1.463919,9.696938,1.225398,8.819147,0.347607
2024-06-03,,8.93164,116179902.0,9.492884,0.561244,9.648847,0.717207,8.856432,-0.075208
2024-06-04,,8.10524,121228223.0,9.369979,1.264739,9.630258,1.525018,8.876683,0.771443
2024-06-05,,8.33046,122468449.0,10.826764,2.496304,9.742743,1.412283,8.945522,0.615062
2024-06-06,,9.35689,124364998.0,9.83641,0.47952,9.749843,0.392953,8.99033,-0.36656
2024-06-07,,8.62056,121606860.0,9.497453,0.876893,9.764437,1.143877,9.045297,0.424737
2024-06-08,,8.32609,121087994.0,8.13376,-0.19233,9.582128,1.256038,9.051078,0.724988
2024-06-09,,6.9682,122108906.0,9.042903,2.074703,9.454586,2.486386,9.092595,2.124395
2024-06-10,,7.90553,120743607.0,10.701922,2.796392,9.626434,1.720904,9.193022,1.287492
2024-06-11,,9.54173,115172569.0,9.125274,-0.416456,9.59136,0.04963,9.238756,-0.302974
2024-06-12,,8.033,117581778.0,11.116663,3.083663,9.632267,1.599267,9.322441,1.289441
2024-06-13,,9.79314,118525803.0,7.996202,-1.796938,9.367965,-0.425175,9.302447,-0.490693
2024-06-14,,6.67171,118564969.0,8.029362,1.357652,9.157272,2.485562,9.303653,2.631943
2024-06-15,,6.93769,121504815.0,7.162804,0.225114,9.016709,2.079019,9.309652,2.371962
2024-06-16,,6.1426,123550386.0,7.174014,1.031414,8.747807,2.605207,9.322453,3.179853
2024-06-17,,6.14444,119939983.0,8.354681,2.210241,8.415373,2.270933,9.352566,3.208126
2024-06-18,,7.36982,118098976.0,7.421524,0.051704,8.17193,0.80211,9.352724,1.982904
2024-06-19,,6.43594,120850764.0,7.708778,1.272838,7.69164,1.2557,9.191498,2.755558
2024-06-20,,6.65997,119405065.0,6.969816,0.309846,7.544828,0.884858,9.133831,2.473861
2024-06-21,,6.17782,119627480.0,6.389015,0.211195,7.310011,1.132191,9.050805,2.872985
2024-06-22,,5.748,118741101.0,6.782559,1.034559,7.255533,1.507533,8.808619,3.060619
2024-06-23,,6.13493,115953992.0,7.066739,0.931809,7.24019,1.10526,9.056557,2.921627
2024-06-24,,6.50559,112891116.0,7.084425,0.578835,7.059682,0.554092,8.735282,2.229692
2024-06-25,,6.45677,115244170.0,6.553117,0.096347,6.935611,0.478841,8.648719,2.191949
2024-06-26,,6.17688,114279550.0,6.456774,0.279894,6.757147,0.580267,8.535819,2.358939
2024-06-27,,6.16971,116742376.0,7.136535,0.966825,6.7809,0.61119,8.456909,2.287199
2024-06-28,,6.95846,117287914.0,5.58921,-1.36925,6.66585,-0.29261,8.307943,1.349483
2024-06-29,,5.38197,117478184.0,5.451167,0.069197,6.474836,1.092866,8.162579,2.780609
2024-06-30,,5.88035,120028116.0,6.77724,0.89689,6.43366,0.55331,8.07527,2.19492
2024-07-01,,5.85062,119613284.0,5.99663,0.14601,6.278529,0.427909,7.961499,2.110879
2024-07-02,,5.86467,118959513.0,6.427492,0.562822,6.26062,0.39595,7.844857,1.980187
2024-07-03,,5.67731,114833139.0,7.473952,1.796642,6.405073,0.727763,7.777974,2.100664
2024-07-04,,7.25976,117074126.0,10.5459,3.28614,6.882329,-0.377431,7.816402,0.556642
2024-07-05,,10.29411,111727920.0,5.599932,-4.694178,6.88388,-3.41023,7.642919,-2.651191
2024-07-06,,5.61656,115039619.0,4.796874,-0.819686,6.788886,1.172326,7.474525,1.857965
2024-07-07,,4.83376,110273015.0,5.004096,0.170336,6.533731,1.699971,7.324517,2.490757
2024-07-08,,4.93033,113311894.0,5.017494,0.087164,6.392586,1.462256,7.219955,2.289625
2024-07-09,,5.06279,114770101.0,5.365435,0.302645,6.24026,1.17747,7.097412,2.034622
2024-07-10,,5.48104,114668094.0,5.26141,-0.21963,5.925019,0.443979,6.91766,1.43662
2024-07-11,,5.00188,114566635.0,-6.203876,-11.205756,3.46765,-1.53423,6.379537,1.377657
2024-07-12,,5.26052,115588239.0,9.501596,4.241076,4.005321,-1.255199,6.327631,1.067111
2024-07-13,,4.58646,117911953.0,3.363738,-1.222722,3.800933,-0.785527,6.172358,1.585898
2024-07-14,,4.72905,119733700.0,13.539628,8.810578,4.966327,0.237277,6.348569,1.619519
2024-07-15,,4.59595,130175332.0,5.257839,0.661889,5.000612,0.404662,6.285005,1.689055
2024-07-16,,5.24115,128504040.0,5.60979,0.36864,5.035364,-0.205786,6.232928,0.991778
2024-07-17,,5.53321,127436205.0,6.409713,0.876503,5.198295,-0.334915,6.168808,0.635598
2024-07-18,,6.1123,128598017.0,5.199841,-0.912459,6.936829,0.824529,6.094873,-0.017427
2024-07-19,,5.25245,131904961.0,0.0,-5.25245,5.559131,0.306681,5.832575,0.580125
2024-07-20,,4.4524,132237001.0,8.676638,4.224238,6.317687,1.865287,5.888434,1.436034
2024-07-21,,4.19828,132800133.0,5.55731,1.35903,5.216242,1.017962,5.860737,1.662457
2024-07-22,,5.50191,128774651.0,0.0,-5.50191,4.44883,-1.05308,5.629421,0.127511
2024-07-23,,5.00233,129613436.0,10.092284,5.089954,5.07092,0.06859,5.727585,0.725255
2024-07-24,,5.76173,124175271.0,5.15329,-0.60844,4.892786,-0.868944,5.663469,-0.098261
2024-07-25,,5.93123,118146024.0,4.896944,-1.034286,4.849588,-1.081642,5.608308,-0.322922
2024-07-26,,5.65983,122566810.0,4.378527,-1.281303,5.493443,-0.166387,5.538929,-0.120901
2024-07-27,,5.15047,121823682.0,5.347775,0.197305,5.025643,-0.124827,5.479713,0.329243
2024-07-28,,6.08349,121277321.0,4.429412,-1.654078,4.864587,-1.218903,5.440887,-0.642603
2024-07-29,,5.22227,124203798.0,4.977053,-0.245217,5.594752,0.372482,5.42505,0.20278
2024-07-30,,5.18147,121380730.0,4.693552,-0.487918,4.838976,-0.342494,5.355818,0.174348
2024-07-31,,5.56479,119759966.0,4.853068,-0.711722,4.796163,-0.768627,5.317731,-0.247059
2024-08-01,,5.89825,113623960.0,4.839557,-1.058693,4.78797,-1.11028,5.26497,-0.63328
2024-08-02,,5.35991,110803846.0,4.764392,-0.595518,4.843223,-0.516687,5.175412,-0.184498
2024-08-03,,5.5479,108803458.0,4.36858,-1.17932,4.70345,-0.84445,4.974011,-0.573889
2024-08-04,,4.9857,100164137.0,40.622862,35.637162,9.250356,4.264656,5.981046,0.995346
2024-08-05,,42.38067,80569770.0,7.655511,-34.725159,9.644282,-32.736388,6.076163,-36.304507
2024-08-06,,8.68177,82676306.0,19.220488,10.538718,11.698555,3.016785,6.526082,-2.155688
2024-08-07,,6.03233,78667452.0,5.189761,-0.842569,11.749724,5.717394,6.531902,0.499572
2024-08-08,,6.29084,91925987.0,5.071336,-1.219504,11.784984,5.494144,6.521977,0.231137
2024-08-09,,6.32059,89288525.0,4.556697,-1.763893,11.753298,5.432708,6.498128,0.177538
2024-08-10,,5.64418,87353849.0,3.62516,-2.01902,11.639232,5.995052,6.852491,1.208311
2024-08-11,,4.83898,86058201.0,4.753075,-0.085905,7.040212,2.201232,6.694704,1.855724
2024-08-12,,6.13553,88969797.0,5.05522,-1.08031,6.666984,0.531454,6.752448,0.616918
2024-08-13,,6.44451,89529092.0,4.775026,-1.669484,4.716884,-1.727626,6.46696,0.02245
2024-08-14,,6.1309,87021060.0,4.954243,-1.176657,4.683358,-1.447542,6.45671,0.32581
2024-08-15,,5.1222,83980154.0,3.411238,-1.710962,4.445461,-0.676739,6.382083,1.259883
2024-08-16,,4.84234,84529594.0,2.397236,-2.445104,4.134532,-0.707808,6.24587,1.40353
2024-08-17,,4.2314,85658254.0,2.726538,-1.504862,4.005044,-0.226356,6.161646,1.930246
2024-08-18,,4.34343,86883644.0,16.206313,11.862883,5.558197,1.214767,6.694484,2.351054
2024-08-19,,4.43306,85867464.0,3.476155,-0.956905,5.330063,0.897003,6.520232,2.087172
2024-08-20,,4.62763,84511274.0,2.676017,-1.951613,5.025995,0.398365,6.42201,1.79438
2024-08-21,,4.4243,86885522.0,3.695585,-0.728715,4.845132,0.420832,6.550821,2.126521
2024-08-22,,5.35199,88707343.0,2.991043,-2.360947,4.784166,-0.567824,6.314268,0.962278
2024-08-23,,4.43677,93260292.0,3.48393,-0.95284,4.942309,0.505539,6.257572,1.820802
2024-08-24,,4.91544,91628501.0,2.933012,-1.982428,4.972416,0.056976,6.190651,1.275211
2024-08-25,,4.41422,92259554.0,2.988314,-1.425906,3.177146,-1.237074,6.1432,1.72898
2024-08-26,,4.63328,89628903.0,3.431313,-1.201967,3.170757,-1.462523,6.078263,1.444983
2024-08-27,,4.69624,82105125.0,4.99889,0.30265,3.501007,-1.195233,6.097494,1.401254
2024-08-28,,6.03394,83035163.0,2.803213,-3.230727,3.373292,-2.660648,6.023517,-0.010423
2024-08-29,,4.44881,83218175.0,3.403591,-1.045219,3.432345,-1.016465,5.97971,1.5309
2024-08-30,,5.23961,84814277.0,2.842361,-2.397249,3.340494,-1.899116,5.911331,0.671721
2024-08-31,,4.40787,84775769.0,2.871728,-1.536142,3.331702,-1.076168,5.844457,1.436587
2024-09-01,,4.59811,81729719.0,3.546157,-1.051953,3.411475,-1.186635,5.803198,1.205088
2024-09-02,,4.89776,86005710.0,4.362863,-0.534897,3.544017,-1.353743,5.803005,0.905245
2024-09-03,,5.57626,84224693.0,3.892246,-1.684014,3.387407,-2.188853,4.740725,-0.835535
2024-09-04,,5.57478,84620184.0,4.444889,-1.129891,3.621666,-1.953114,4.635071,-0.939709
2024-09-05,,6.10982,83006975.0,4.442881,-1.666939,3.769812,-2.340008,4.174527,-1.935293
2024-09-06,,5.55723,76735296.0,9.663287,4.106057,4.726166,-0.831064,4.319252,-1.237978
2024-09-07,,10.04927,76462965.0,2.508922,-7.540348,4.673323,-5.375947,4.233434,-5.815836
2024-09-08,,4.29206,77403957.0,2.80018,-1.49188,4.56526,0.2732,4.174585,-0.117475
2024-09-09,,5.8037,79614009.0,4.951867,-0.851833,4.649364,-1.154336,4.21877,-1.58493
2024-09-10,,6.29499,80626304.0,4.772571,-1.522419,4.775583,-1.519407,4.219417,-2.075573
2024-09-11,,6.16424,79047138.0,4.056062,-2.108178,4.719772,-1.444468,4.186224,-1.978016
2024-09-12,,5.68964,80259761.0,4.144326,-1.545314,4.676955,-1.012685,4.165258,-1.524382
2024-09-13,,5.78664,83420528.0,4.210996,-1.575644,3.917125,-1.869515,4.140584,-1.646056
2024-09-14,,5.72304,82463593.0,4.02773,-1.69531,4.135694,-1.587346,4.16122,-1.56182
2024-09-15,,5.53377,80048970.0,5.783839,0.250069,4.562192,-0.971578,4.274254,-1.259516
2024-09-16,,6.93792,77938228.0,4.387959,-2.549961,4.481748,-2.456172,4.330035,-2.607885
2024-09-17,,5.76091,79992630.0,5.086494,-0.674416,4.526412,-1.234498,3.980825,-1.780085
2024-09-18,,6.59412,80051329.0,50.913066,44.318946,10.227937,3.633817,5.297035,-1.297085
2024-09-19,,6.58856,84718856.0,5.222446,-1.366114,10.390232,3.801672,5.383056,-1.205504
2024-09-20,,6.60984,87453128.0,5.196698,-1.413142,10.538796,3.928956,5.433555,-1.176285
2024-09-21,,6.83792,88543531.0,4.638228,-2.199692,10.631236,3.793316,5.489333,-1.348587
2024-09-22,,6.25427,88651991.0,4.788952,-1.465318,10.481994,4.227724,5.533409,-0.720861
2024-09-23,,6.47666,90655201.0,5.091498,-1.385162,10.588061,4.111401,5.606439,-0.870221
2024-09-24,,6.41128,90938657.0,4.117339,-2.293941,10.441783,4.030503,5.644826,-0.766454
2024-09-25,,6.11769,87533162.0,4.126738,-1.990952,4.739356,-1.378334,5.668427,-0.449263
2024-09-26,,5.80292,90749400.0,4.688182,-1.114738,4.663217,-1.139703,5.657989,-0.144931
2024-09-27,,6.28197,93233140.0,3.207522,-3.074448,4.378171,-1.903799,5.671814,-0.610156
2024-09-28,,4.8299,91906226.0,2.738895,-2.091005,4.105383,-0.724517,5.649101,0.819201
2024-09-29,,4.78166,91170611.0,3.604197,-1.177463,3.936416,-0.845244,5.675095,0.893435
2024-09-30,,5.20517,89256834.0,3.910848,-1.294322,3.768797,-1.436373,5.710504,0.505334
2024-10-01,,5.21948,84048392.0,3.747393,-1.472087,3.716044,-1.503436,5.717346,0.497866
2024-10-02,,5.25999,80002766.0,3.424008,-1.835982,3.615759,-1.644231,5.685505,0.425515
2024-10-03,,5.03307,78426841.0,2.951091,-2.081979,3.368381,-1.664689,5.653452,0.620382
2024-10-04,,4.95364,80771080.0,3.141886,-1.811754,3.358987,-1.594653,5.609248,0.655608
2024-10-05,,5.32123,80640984.0,4.043703,-1.277527,3.5455,-1.77573,5.595769,0.274539
2024-10-06,,5.73524,81121022.0,4.444825,-1.290415,3.665107,-2.070133,5.424295,-0.310945
2024-10-07,,5.9311,80596924.0,5.791214,-0.139886,3.93104,-2.00006,5.535111,-0.395989
2024-10-08,,7.02606,81364616.0,5.337488,-1.688572,4.157118,-2.868942,5.620918,-1.405142
2024-10-09,,6.84213,78952862.0,3.573594,-3.268536,4.178625,-2.663505,5.574387,-1.267743
2024-10-10,,5.43618,79108128.0,4.050663,-1.385517,4.336857,-1.099323,5.550058,0.113878
2024-10-11,,6.33814,81085029.0,3.642273,-2.695867,4.409019,-1.929121,5.53604,-0.8021
2024-10-12,,5.70633,83925920.0,4.195972,-1.510358,4.430835,-1.275495,5.537784,-0.168546
2024-10-13,,5.96217,82580682.0,5.44687,-0.5153,4.57338,-1.38879,5.579267,-0.382903
2024-10-14,,6.43005,80895835.0,3.923221,-2.506829,4.307577,-2.122473,5.57573,-0.85432
2024-10-15,,5.99041,79396779.0,2.742964,-3.247446,3.93662,-2.05379,5.473134,-0.517276
2024-10-16,,5.8443,80440785.0,3.252939,-2.591361,3.890591,-1.953709,5.434705,-0.409595
2024-10-17,,5.96934,80176955.0,58.494332,52.524992,10.328079,4.358739,6.888869,0.919529
2024-10-18,,5.96688,79055054.0,3.6377,-2.32918,10.327384,4.360504,5.558249,-0.408631
2024-10-19,,5.74448,79613916.0,3.295549,-2.448931,10.190675,4.446195,5.493237,-0.251243
2024-10-20,,5.53378,81253565.0,3.401022,-2.132758,9.882693,4.348913,5.432712,-0.101068
2024-10-21,,6.24771,79181244.0,5.027464,-1.220246,10.048733,3.801023,5.445761,-0.801949
2024-10-22,,6.81641,78002291.0,4.591732,-2.224678,10.329466,3.513056,5.43914,-1.37727
2024-10-23,,6.34145,75845685.0,9.516344,3.174894,11.2616,4.92015,5.584192,-0.757258
2024-10-24,,7.02327,77056217.0,5.150806,-1.872464,4.927179,-2.096091,5.61896,-1.40431
2024-10-25,,8.71734,75078599.0,-10.396528,-19.113868,2.768599,-5.948741,5.091431,-3.625909
2024-10-26,,8.22922,75608632.0,26.069564,17.840344,5.735707,-2.493513,5.744484,-2.484736
2024-10-27,,7.89462,76988084.0,5.962804,-1.931816,6.106025,-1.788595,5.837391,-2.057229
2024-10-28,,7.69049,79061481.0,7.098202,-0.592288,6.402388,-1.288102,5.984097,-1.706393
2024-10-29,,8.34431,82076534.0,6.616116,-1.728194,6.69418,-1.65013,6.085384,-2.258926
2024-10-30,,7.96251,85292457.0,5.251704,-2.710806,6.090494,-1.872016,6.130733,-1.831777
2024-10-31,,8.65982,80866107.0,-10.401338,-19.061158,3.692255,-4.967565,5.613306,-3.046514
2024-11-01,,9.52139,81307571.0,8.931692,-0.589698,6.626415,-2.894975,5.796119,-3.725271
2024-11-02,,7.68432,80686803.0,6.132542,-1.551778,4.03622,-3.6481,5.903502,-1.780818
2024-11-03,,8.40106,81140936.0,7.154335,-1.246725,4.202544,-4.198516,6.038314,-2.362746
2024-11-04,,8.46552,79922402.0,6.858079,-1.607441,4.169136,-4.296384,6.132696,-2.332824
2024-11-05,,8.94101,79963989.0,8.01526,-0.92575,4.363337,-4.577673,6.25168,-2.68933
2024-11-06,,9.38361,97790600.0,9.377652,-0.005958,4.938196,-4.445414,6.369823,-3.013787
2024-11-07,,7.49554,105327025.0,4.867563,-2.627977,7.323889,-0.171651,6.353971,-1.141569
2024-11-08,,7.99689,109493781.0,9.372909,1.376019,7.385882,-0.611008,6.547288,-1.449602
2024-11-09,,7.99081,116121072.0,4.811757,-3.179053,7.193945,-0.796865,6.573176,-1.417634
2024-11-10,,6.54678,122439462.0,7.974176,1.427396,7.310726,0.763946,6.718736,0.171956
2024-11-11,,7.05482,128220912.0,6.079734,-0.975086,7.198712,0.143892,6.782493,-0.272327
2024-11-12,,8.24074,125162284.0,1.345468,-6.895272,6.227062,-2.013678,6.641377,-1.599363
2024-11-13,,6.25621,123428191.0,3.913501,-2.342709,5.452202,-0.804008,6.641044,0.384834
2024-11-14,,7.48271,120047915.0,12.130266,4.647556,6.465814,-1.016896,6.952288,-0.530422
2024-11-15,,7.02076,120255540.0,6.055299,-0.965461,5.998354,-1.022406,7.0478,0.02704
2024-11-16,,6.24528,121767113.0,4.246858,-1.998422,5.916552,-0.328728,5.563242,-0.682038
2024-11-17,,6.35606,118879268.0,-0.058936,-6.414996,4.753194,-1.602866,5.435516,-0.920544
2024-11-18,,8.73068,123448937.0,9.673579,0.942899,5.252969,-3.477711,5.646296,-3.084384
2024-11-19,,9.24072,121399776.0,6.724575,-2.516145,6.033462,-3.207258,5.757764,-3.482956
2024-11-20,,8.94432,120524159.0,4.062726,-4.881594,6.055201,-2.889119,5.725238,-3.219082
2024-11-21,,8.78161,132678453.0,14.623473,5.841863,6.38891,-2.3927,6.048504,-2.733106
2024-11-22,,9.02855,132821072.0,12.560758,3.532208,7.297568,-1.730982,6.145474,-2.883076
2024-11-23,,8.52428,137379368.0,5.6414,-2.88288,7.501453,-1.022827,6.161945,-2.362335
2024-11-24,,8.61283,136927876.0,5.799994,-2.812836,8.379928,-0.232902,6.751559,-1.861271
2024-11-25,,7.76022,149432637.0,4.914769,-2.845451,7.695278,-0.064942,6.099932,-1.660288
2024-11-26,,7.94169,144811259.0,6.219133,-1.722557,7.622267,-0.319423,6.108477,-1.833213
2024-11-27,,7.96696,159358766.0,5.536961,-2.429999,7.838765,-0.128195,6.05655,-1.91041
2024-11-28,,7.74814,156402882.0,5.143601,-2.604539,6.51704,-1.2311,6.007395,-1.740745
2024-11-29,,7.49623,157170762.0,4.805124,-2.691106,5.436231,-2.059999,5.992371,-1.503859
2024-11-30,,7.27277,162067468.0,4.903197,-2.369573,5.330662,-1.942108,6.550996,-0.721774
2024-12-01,,7.18426,162873561.0,4.927216,-2.257044,5.206091,-1.978169,6.418054,-0.766206
2024-12-02,,7.90905,158182738.0,5.9606,-1.94845,5.355275,-2.553775,6.412302,-1.496748
2024-12-03,,8.22157,159234725.0,10.003395,1.781825,5.883476,-2.338094,6.505422,-1.716148
2024-12-04,,6.25123,170313765.0,6.126747,-0.124483,5.967806,-0.283424,6.481044,0.229814
2024-12-05,,7.57409,169598668.0,5.500161,-2.073929,6.019068,-1.555022,6.397454,-1.176636
2024-12-06,,9.60922,179539599.0,1.012447,-8.596773,5.462285,-4.146935,6.115651,-3.493569
2024-12-07,,6.98273,178485146.0,12.389109,5.406379,6.505903,-0.476827,6.360951,-0.621779
2024-12-08,,7.69243,179434099.0,0.0,-7.69243,5.776613,-1.915817,6.043785,-1.648645
2024-12-09,,8.21492,167751591.0,9.106832,0.891912,6.219688,-1.995232,6.185843,-2.029077
2024-12-10,,10.18818,165010539.0,-6.235801,-16.423981,3.823378,-6.364802,5.687556,-4.500624
2024-12-11,,7.5262,171836641.0,17.194357,9.668157,5.305173,-2.221027,6.039173,-1.487027
2024-12-12,,7.50497,173782232.0,0.0,-7.50497,4.502777,-3.002193,5.991943,-1.513027
2024-12-13,,7.51155,174705941.0,6.538671,-0.972879,5.300991,-2.210559,6.080127,-1.431423
2024-12-14,,6.99369,173647463.0,0.0,-6.99369,3.558592,-3.435098,5.676058,-1.317632
2024-12-15,,6.86074,174298071.0,8.467551,1.606811,4.768077,-2.092663,5.755311,-1.105429
2024-12-16,,0.0,182861494.0,4.84001,4.84001,4.172716,4.172716,5.775313,5.775313
2024-12-17,,7.52365,174688837.0,5.329123,-2.194527,5.918032,-1.605618,5.960615,-1.563035
2024-12-18,,7.31862,171348063.0,3.689042,-3.629578,4.081524,-3.237096,5.762611,-1.556009
2024-12-19,,7.9736,160210476.0,6.046702,-1.926898,4.958132,-3.015468,5.74015,-2.23345
2024-12-20,,9.04667,161201389.0,-8.444214,-17.490884,2.71007,-6.3366,5.289794,-3.756876
2024-12-21,,6.11587,154521219.0,4.460827,-1.655043,3.352423,-2.763447,4.964459,-1.151411
2024-12-22,,5.32911,152635232.0,3.829374,-1.499736,2.709187,-2.619923,4.68233,-0.64678
2024-12-23,,6.61306,161021529.0,3.892118,-2.720942,2.576009,-4.037051,4.624083,-1.988977
2024-12-24,,6.89763,163175863.0,4.426791,-2.470839,2.45001,-4.44762,4.578531,-2.319099
2024-12-25,,6.65459,161941865.0,4.324475,-2.330115,2.539467,-4.115123,4.558865,-2.095725
2024-12-26,,7.18827,149772262.0,5.27861,-1.90966,2.433038,-4.755232,4.527871,-2.660399
2024-12-27,,7.31445,148838973.0,5.755443,-1.559007,4.564756,-2.749694,4.535077,-2.779373
2024-12-28,,6.53305,151926690.0,23.513275,16.980225,7.097576,0.564526,5.097665,-1.435385
2024-12-29,,8.08907,147617258.0,5.207635,-2.881435,7.299522,-0.789548,5.111095,-2.977975
2024-12-30,,6.86601,149352372.0,7.052661,0.186651,7.759869,0.893859,5.182184,-1.683826
2024-12-31,,8.1119,148016767.0,7.698341,-0.413559,8.235798,0.123898,5.273618,-2.838282
2025-01-01,,8.27718,149190525.0,5.840525,-2.436655,8.459109,0.181929,5.269639,-3.007541
2025-01-02,,8.05183,154976712.0,7.794339,-0.257491,8.82562,0.77379,5.198479,-2.853351
2025-01-03,,7.57594,161385569.0,6.687703,-0.888237,8.962151,1.386211,5.216967,-2.358973
2025-01-04,,7.4677,162855020.0,6.285529,-1.182171,6.648743,-0.818957,5.242982,-2.224718
2025-01-05,,7.50114,160418806.0,5.927402,-1.573738,6.752671,-0.748469,5.409785,-2.091355
2025-01-06,,7.56765,162410475.0,6.046882,-1.520768,6.60881,-0.95884,5.205889,-2.361761
2025-01-07,,7.82593,149397909.0,6.505942,-1.319988,6.439385,-1.386545,5.427161,-2.398769
2025-01-08,,8.35111,147235629.0,6.801432,-1.549678,6.5769,-1.77421,5.352137,-2.998973
2025-01-09,,7.87235,143264607.0,6.341511,-1.530839,6.370502,-1.501848,5.795097,-2.077253
2025-01-10,,7.92582,145196461.0,5.683669,-2.242151,6.226915,-1.698905,5.431143,-2.494677
2025-01-11,,6.8535,145989608.0,5.214248,-1.639252,6.073295,-0.780205,5.609925,-1.243575
2025-01-12,,6.88458,143610180.0,4.994533,-1.890047,5.939338,-0.945242,5.558541,-1.326039
2025-01-13,,9.44023,146573161.0,10.307668,0.867438,6.537187,-2.903043,5.904294,-3.535936
2025-01-14,,8.04928,151218893.0,6.428494,-1.620786,6.526116,-1.523164,5.837321,-2.211959
2025-01-15,,7.24719,164747458.0,5.621511,-1.625679,6.357189,-0.890001,5.863525,-1.383665
2025-01-16,,7.49782,158149663.0,6.241096,-1.256724,6.342836,-1.154984,5.893951,-1.603869
2025-01-17,,7.00601,166933884.0,5.992748,-1.013262,6.38721,-0.6188,5.971544,-1.034466
2025-01-18,,7.4039,157962576.0,6.340605,-1.063295,6.54917,-0.85473,5.981321,-1.422579
2025-01-19,,10.25626,144380831.0,8.3065,-1.94976,7.022947,-3.233313,6.57654,-3.67972
2025-01-20,,11.56301,147010303.0,0.025682,-11.537328,5.53738,-6.02563,6.422524,-5.140486
2025-01-21,,10.67689,151809790.0,21.441607,10.764717,7.545785,-3.131105,6.979804,-3.697086
2025-01-22,,6.24735,157643848.0,4.820668,-1.426682,7.428914,1.181564,7.011538,0.764188
2025-01-23,,6.17565,161273104.0,0.0,-6.17565,6.503801,0.328151,6.857139,0.681489
2025-01-24,,15.60766,161978604.0,20.567429,4.959769,8.482207,-7.125453,7.373803,-8.233857
2025-01-25,,4.83184,162859684.0,0.0,-4.83184,7.533642,2.701802,7.18985,2.35801
2025-01-26,,5.96358,161930757.0,6.783472,0.819892,7.316305,1.352725,7.224421,1.260841
2025-01-27,,8.19395,157828862.0,7.356195,-0.837755,8.406083,0.212133,6.724507,-1.469443
2025-01-28,,6.93309,153164444.0,5.780028,-1.153062,6.288773,-0.644317,6.743811,-0.189279
2025-01-29,,6.21372,155643541.0,4.969083,-1.244637,6.310259,0.096539,6.673899,0.460179
2025-01-30,,6.76751,159154139.0,5.842961,-0.924549,7.17619,0.40868,6.612125,-0.155385
2025-01-31,,6.3391,160665432.0,5.174177,-1.164923,5.105128,-1.233972,6.589683,0.250583
2025-02-01,,6.3671,161712578.0,5.177991,-1.189109,5.865884,-0.501216,6.502418,0.135318
2025-02-02,,5.96756,144920448.0,5.372818,-0.594742,5.664953,-0.302607,6.458402,0.490842
2025-02-03,,77.50025,142492924.0,103.319712,25.819462,15.758458,-61.741792,8.785277,-68.714973
2025-02-04,,2.85901,132800719.0,0.0,-2.85901,14.832943,11.973933,8.576668,5.717658
2025-02-05,,7.16306,139090196.0,0.0,-7.16306,14.040135,6.877075,8.364388,1.201328
2025-02-06,,5.90164,134472546.0,0.0,-5.90164,13.118746,7.217106,8.136951,2.235311
2025-02-07,,6.66947,128228604.0,10.004525,3.335055,13.846714,7.177244,8.243519,1.574049
2025-02-08,,6.19872,129592895.0,4.631003,-1.567717,13.761943,7.563223,8.185026,1.986306
2025-02-09,,5.60772,130519812.0,0.0,-5.60772,12.91459,7.30687,7.98586,2.37814
2025-02-10,,7.51053,132381329.0,9.276312,1.765782,3.330407,-4.180123,8.1223,0.61177
2025-02-11,,7.7101,127169738.0,0.0,-7.7101,3.330407,-4.379693,7.946786,0.236686
2025-02-12,,8.15435,138376892.0,12.315991,4.161641,5.059198,-3.095152,8.011728,-0.142622
2025-02-13,,9.07171,140318892.0,0.0,-9.07171,5.059198,-4.012512,7.787645,-1.284065
2025-02-14,,8.07225,144049039.0,10.723026,2.650776,5.156953,-2.915297,7.957256,-0.114994
2025-02-15,,7.03188,143011286.0,4.955192,-2.076688,5.203437,-1.828443,7.913443,0.881563
2025-02-16,,7.04439,142170081.0,4.941621,-2.102769,5.930852,-1.113538,7.877598,0.833208
2025-02-17,,7.89611,143418323.0,6.168916,-1.727194,5.49519,-2.40092,7.871788,-0.024322
2025-02-18,,8.39211,141543331.0,7.325804,-1.066306,6.566074,-1.826036,7.839086,-0.553024
2025-02-19,,6.99427,144356244.0,5.737477,-1.256793,5.651168,-1.343102,8.03889,1.04462
2025-02-20,,7.051,145201960.0,5.112756,-1.938244,6.406445,-0.644555,7.520113,0.469113
2025-02-21,,6.80535,140008781.0,5.710465,-1.094885,5.704543,-1.100807,7.550412,0.745062
2025-02-22,,7.92164,146792023.0,-0.968404,-8.890044,4.830908,-3.090732,7.515531,-0.406109
2025-02-23,,6.7259,149906267.0,17.081991,10.356091,6.483204,-0.242696,7.410451,0.684551
2025-02-24,,7.71276,133961516.0,12.402404,4.689644,7.354649,-0.358111,7.829865,0.117105
2025-02-25,,16.53124,131490551.0,16.619655,0.088415,8.635901,-7.895339,8.147044,-8.384196
2025-02-26,,7.84483,123976460.0,5.928879,-1.915951,8.663972,0.819142,8.098805,0.253975
2025-02-27,,10.11621,120398096.0,9.89049,-0.22572,9.356194,-0.760016,8.23626,-1.87995
2025-02-28,,15.78546,115835730.0,17.317058,1.531598,10.995839,-4.789621,8.638252,-7.147208
2025-03-01,,6.47128,116327654.0,0.0,-6.47128,11.15025,4.67897,8.432807,1.961527
2025-03-02,,6.93518,141053201.0,7.705901,0.770721,9.832732,2.897552,8.518816,1.583636
2025-03-03,,10.49355,119925062.0,6.73546,-3.75809,9.02403,-1.46952,8.572001,-1.921549
2025-03-04,,11.03332,131466480.0,13.045843,2.012523,8.540348,-2.492972,8.826679,-2.206641
2025-03-05,,7.71302,135852217.0,5.346528,-2.366492,8.454903,0.741883,6.467421,-1.245599
2025-03-06,,6.67408,134465992.0,4.643699,-2.030381,7.699553,1.025473,6.628632,-0.045448
2025-03-07,,8.18823,131028988.0,9.81382,1.62559,6.687442,-1.500788,6.96189,-1.22634
2025-03-08,,7.30754,135635745.0,0.0,-7.30754,6.687442,-0.620098,6.96189,-0.34565
2025-03-09,,6.06858,123981083.0,6.062486,-0.006094,6.453354,0.384774,6.831857,0.763277
2025-03-10,,0.58619,113078246.0,6.71594,6.12975,6.450572,5.864382,6.902142,6.315952
2025-03-11,,17.96864,119936325.0,25.002058,7.033418,7.99049,-9.97815,7.700317,-10.268323
2025-03-12,,8.7135,120194411.0,6.920525,-1.792975,8.219527,-0.493973,7.622105,-1.091395
2025-03-13,,6.04107,118324919.0,0.0,-6.04107,7.520055,1.478985,7.622105,1.581035
2025-03-14,,6.68448,121376203.0,4.868565,-1.815915,6.814612,0.130132,7.37626,0.69178
2025-03-15,,6.4866,122433013.0,0.0,-6.4866,6.814612,0.328012,7.37626,0.88966
2025-03-16,,0.0,118369874.0,7.565458,7.565458,7.029543,7.029543,7.272756,7.272756
2025-03-17,,5.38519,121753071.0,0.0,-5.38519,6.040292,0.655102,7.099959,1.714769
2025-03-18,,6.11415,120578573.0,4.843323,-1.270827,3.409396,-2.704754,7.096614,0.982464
2025-03-19,,6.80349,128856377.0,0.0,-6.80349,2.425577,-4.377913,6.883129,0.079639
2025-03-20,,7.11941,124732656.0,9.692525,2.573115,3.788204,-3.331206,6.960869,-0.158541
2025-03-21,,6.02054,124022844.0,4.555105,-1.465435,3.743828,-2.276712,6.920784,0.900244
2025-03-22,,5.73039,124753745.0,0.0,-5.73039,3.743828,-1.986562,6.743216,1.012826
2025-03-23,,5.76076,124988317.0,8.814609,3.053849,3.915088,-1.845672,6.846244,1.085484
2025-03-24,,5.58504,130763364.0,4.541195,-1.043845,4.576466,-1.008574,7.039248,1.454208
2025-03-25,,5.84317,130415824.0,4.583691,-1.259479,4.53943,-1.30374,6.637227,0.794057
2025-03-26,,5.92721,122830614.0,4.812779,-1.114431,5.243783,-0.683427,6.389018,0.461808
2025-03-27,,6.16065,123439399.0,-1.657094,-7.817744,3.614411,-2.546239,5.786238,-0.374412
2025-03-28,,7.65916,116056649.0,14.253057,6.593897,4.93573,-2.72343,6.053325,-1.605835
2025-03-29,,6.34256,111086896.0,4.965717,-1.376843,5.66476,-0.6778,5.891362,-0.451198
2025-03-30,,6.31165,110661366.0,4.814411,-1.497239,5.100898,-1.210752,5.494349,-0.817301
2025-03-31,,6.33303,110778276.0,6.42265,0.08962,5.369055,-0.963975,5.713471,-0.619559
2025-04-01,,6.57712,116990273.0,5.496224,-1.080896,5.499908,-1.077212,5.640451,-0.936669
2025-04-02,,6.41682,110115197.0,7.752759,1.335939,5.917663,-0.499157,5.673859,-0.742961
2025-04-03,,7.58851,111185916.0,6.020198,-1.568312,7.061184,-0.527326,5.448086,-2.140424
2025-04-04,,6.6569,111805518.0,6.92098,0.26408,6.051559,-0.605341,5.500243,-1.156657
2025-04-05,,6.46879,110331787.0,5.732463,-0.736327,6.161882,-0.306908,5.536649,-0.932141
2025-04-06,,5.96152,96369160.0,-4.605702,-10.567222,4.743229,-1.218291,5.042605,-0.918915
2025-04-07,,32.94741,95905006.0,55.226624,22.279214,10.546458,-22.400952,6.593574,-26.353836
2025-04-08,,0.0,87043700.0,0.0,0.0,9.70471,9.70471,6.384648,6.384648
2025-04-09,,0.0,95495726.0,0.0,0.0,8.540707,8.540707,6.154396,6.154396
2025-04-10,,0.0,82369669.0,0.0,0.0,7.63802,7.63802,5.367679,5.367679
2025-04-11,,8.13843,84416196.0,0.0,-8.13843,6.613906,-1.524524,5.132916,-3.005514
2025-04-12,,6.35845,92224507.0,-10.17808,-16.53653,4.158772,-2.199678,4.757419,-1.601031
2025-04-13,,3.16554,88129717.0,0.0,-3.16554,4.862745,1.697205,4.591553,1.426013
2025-04-14,,7.41526,94351061.0,7.478466,0.063206,-0.501891,-7.917151,4.843295,-2.571965
2025-04-15,,6.18686,92837287.0,6.030786,-0.156074,0.333963,-5.852897,4.793086,-1.393774
2025-04-16,,6.37787,93409470.0,6.073806,-0.304064,1.182702,-5.195168,4.99926,-1.37861
2025-04-17,,6.0517,93496987.0,4.998037,-1.053663,1.89014,-4.16156,5.004421,-1.047279
2025-04-18,,5.99479,94130435.0,4.540781,-1.454009,2.538572,-3.456218,5.159967,-0.834823
2025-04-19,,5.68244,95829062.0,0.0,-5.68244,4.123062,-1.559378,4.836185,-0.846255
2025-04-20,,5.84494,93745216.0,8.6848,2.83986,5.369253,-0.475687,4.971642,-0.873298
2025-04-21,,6.1181,93270227.0,4.732686,-1.385414,4.980419,-1.137681,5.133567,-0.984533
2025-04-22,,6.09658,103251799.0,0.0,-6.09658,4.105856,-1.990724,4.837944,-1.258636
2025-04-23,,8.2626,106262181.0,17.827302,9.564702,5.680496,-2.582104,5.256868,-3.005732
2025-04-24,,6.71344,103696286.0,4.79743,-1.91601,5.651628,-1.061812,5.264031,-1.449409
2025-04-25,,6.21671,106401702.0,0.0,-6.21671,4.98351,-1.2332,5.099227,-1.117483
2025-04-26,,6.01459,107808400.0,7.903237,1.888647,6.130522,0.115932,5.424748,-0.589842
2025-04-27,,5.66026,107340758.0,0.0,-5.66026,4.875327,-0.784933,4.95754,-0.70272
2025-04-28,,5.72073,107166047.0,8.536429,2.815699,5.411175,-0.309555,5.07464,-0.64609
2025-04-29,,6.32994,107379079.0,4.526834,-1.803106,6.079993,-0.249947,5.065018,-1.264922
2025-04-30,,5.44503,108212025.0,5.023486,-0.421544,4.35095,-1.09408,5.018679,-0.426351
2025-05-01,,6.16096,110740672.0,0.0,-6.16096,3.654742,-2.506218,4.831545,-1.329415
2025-05-02,,5.90311,110527062.0,9.268447,3.365337,4.975615,-0.927495,4.880367,-1.022743
2025-05-03,,5.60657,110770770.0,0.0,-5.60657,3.841085,-1.765485,4.676191,-0.930379
2025-05-04,,5.35915,110348507.0,8.132614,2.773464,5.007465,-0.351685,4.715516,-0.643634
2025-05-05,,5.6635,112555500.0,0.0,-5.6635,3.785805,-1.877695,4.521129,-1.142371
2025-05-06,,5.65923,111891818.0,10.425234,4.766004,4.602905,-1.056325,5.032158,-0.627072
2025-05-07,,5.47614,112699429.0,5.148607,-0.327533,4.620699,-0.855441,3.677265,-1.798875
2025-05-08,,5.53921,135567235.0,6.881137,1.341927,5.620043,0.080833,3.907502,-1.631708
2025-05-09,,10.18665,144131567.0,-2.791466,-12.978116,3.870106,-6.316544,3.809488,-6.377162
2025-05-10,,6.7667,159068494.0,19.349092,12.582392,6.528235,-0.238465,4.423366,-2.343334
2025-05-11,,7.94716,159341894.0,8.849045,0.901885,6.628779,-1.318381,4.718925,-3.228235
2025-05-12,,6.58912,158745219.0,0.0,-6.58912,6.628779,0.039659,5.094284,-1.494836
2025-05-13,,6.737,175361062.0,10.535047,3.798047,6.643921,-0.093079,5.445754,-1.291246
2025-05-14,,6.21602,170484983.0,-6.672821,-12.888841,4.842354,-1.373666,4.950695,-1.265325
2025-05-15,,5.70682,166620461.0,18.319964,12.613144,6.376305,0.669485,5.335037,-0.371783
2025-05-16,,5.78349,169833248.0,0.0,-5.78349,6.807418,1.023928,5.128205,-0.655285
2025-05-17,,5.18138,165008735.0,8.305971,3.124591,5.336188,0.154808,5.236959,0.055579
2025-05-18,,4.41524,164264259.0,0.0,-4.41524,4.067935,-0.347305,5.081299,0.666059
2025-05-19,,6.94088,170693824.0,10.516835,3.575955,5.565255,-1.375625,5.432146,-1.508734
2025-05-20,,5.82178,170268621.0,0.0,-5.82178,4.065486,-1.756294,5.139866,-0.681914
2025-05-21,,4.97434,170141939.0,8.099199,3.124859,6.273026,1.298686,5.250805,0.276465
2025-05-22,,6.18708,178564940.0,5.27584,-0.91124,4.514369,-1.672711,5.431338,-0.755742
2025-05-23,,5.903,174222729.0,4.618127,-1.284873,5.190615,-0.712385,5.014294,-0.888706
2025-05-24,,5.11524,173846026.0,0.0,-5.11524,3.998399,-1.116841,4.850393,-0.264847
2025-05-25,,4.57397,174527656.0,7.9385,3.36453,5.139555,0.565585,5.117722,0.543752
2025-05-26,,4.90987,175268687.0,0.0,-4.90987,3.648274,-1.261596,4.851535,-0.058335
2025-05-27,,5.02798,182172381.0,8.177645,3.149665,4.818722,-0.209258,5.126622,0.098642
2025-05-28,,5.21155,181092313.0,5.232348,0.020798,4.417012,-0.794538,5.018345,-0.193205
2025-05-29,,5.15923,182292338.0,5.062972,-0.096258,4.386824,-0.772406,5.036256,-0.122974
2025-05-30,,5.2287,177667589.0,4.563757,-0.664943,4.379072,-0.849628,5.020897,-0.207803
2025-05-31,,5.17217,177746291.0,0.0,-5.17217,4.379072,-0.793098,5.020897,-0.151273
2025-06-01,,4.21668,177764481.0,7.323938,3.107258,4.293965,0.077285,4.958057,0.741377
2025-06-02,,4.48164,181452443.0,0.0,-4.48164,4.293965,-0.187675,4.958057,0.476417
2025-06-03,,4.67758,185650879.0,6.875256,2.197676,4.113656,-0.563924,4.917145,0.239565
2025-06-04,,4.79825,184058576.0,0.0,-4.79825,3.357862,-1.440388,4.917145,0.118895
2025-06-05,,4.46535,171635533.0,7.476782,3.011432,3.693802,-0.771548,4.822539,0.357189
2025-06-06,,5.07002,177339935.0,0.0,-5.07002,3.03483,-2.03519,4.647267,-0.422753
2025-06-07,,4.16435,177307914.0,7.722887,3.558537,4.135663,-0.028687,4.674635,0.510285
2025-06-08,,3.95538,176484080.0,0.0,-3.95538,3.089458,-0.865922,4.773466,0.818086
2025-06-09,,3.84411,186355598.0,6.162803,2.318693,3.973963,0.129853,4.36537,0.52126
2025-06-10,,4.55254,193901135.0,0.0,-4.55254,2.991003,-1.561537,4.070809,-0.481731
2025-06-11,,4.42296,191928574.0,7.775857,3.352897,4.098678,-0.324282,4.330907,-0.092053
2025-06-12,,4.61817,184250844.0,0.0,-4.61817,3.031896,-1.586274,3.983153,-0.635017
2025-06-13,,4.85485,184432564.0,8.187637,3.332787,4.196759,-0.658091,4.496553,-0.358297
2025-06-14,,3.43505,180334221.0,0.0,-3.43505,3.095281,-0.339769,3.912238,0.477188
2025-06-15,,3.22264,177569858.0,5.189394,1.966754,3.843098,0.620458,4.087624,0.864984
2025-06-16,,3.73146,176786950.0,0.0,-3.73146,2.959707,-0.771753,3.811153,0.079693
2025-06-17,,4.18581,172398631.0,6.63252,2.44671,3.90861,-0.2772,4.03361,-0.1522
2025-06-18,,3.79794,174807323.0,-7.587821,-11.385761,1.650561,-2.147379,3.415038,-0.382902
2025-06-19,,4.30223,174630565.0,6.493625,2.191395,2.568299,-1.733931,3.632144,-0.670086
2025-06-20,,3.8566,165057543.0,11.716424,7.859824,3.039679,-0.816921,3.745906,-0.110694
2025-06-21,,3.99123,157513045.0,0.0,-3.99123,3.039679,-0.951551,3.56826,-0.42297
2025-06-22,,5.57374,152550460.0,8.631654,3.057914,3.514759,-2.058981,3.698305,-1.875435
2025-06-23,,5.53935,163578650.0,5.780944,0.241594,4.349182,-1.190168,3.89275,-1.6466
2025-06-24,,4.8548,166758041.0,0.0,-4.8548,3.396256,-1.458544,3.628536,-1.226264
2025-06-25,,4.54652,165243106.0,7.574641,3.028121,5.66487,1.11835,3.881057,-0.665463
2025-06-26,,4.56906,165433863.0,4.100769,-0.468291,5.322382,0.753322,3.748121,-0.820939
2025-06-27,,4.50585,166540770.0,0.566045,-3.939805,3.752126,-0.753724,3.591386,-0.914464
2025-06-28,,3.93548,169268515.0,6.339701,2.404221,4.667208,0.731728,3.633103,-0.302377
2025-06-29,,4.05462,173151369.0,0.0,-4.05462,3.436546,-0.618074,3.479057,-0.575563
2025-06-30,,4.0887,172378677.0,6.224469,2.135769,3.498392,-0.590308,3.68755,-0.40115
2025-07-01,,4.1665,166089368.0,0.0,-4.1665,3.498392,-0.668108,3.443545,-0.722955
2025-07-02,,4.27124,178862973.0,7.147291,2.876051,3.439555,-0.831685,3.681857,-0.589383
2025-07-03,,4.34525,179336953.0,0.0,-4.34525,2.847378,-1.497872,3.452311,-0.892939
2025-07-04,,4.11393,175795328.0,7.581644,3.467714,3.842959,-0.270971,3.704627,-0.409303
2025-07-05,,3.58844,175843170.0,0.0,-3.58844,2.935083,-0.653357,3.455674,-0.132766
2025-07-06,,3.73089,180420333.0,5.990138,2.259248,3.794125,0.063235,3.656489,-0.074401
2025-07-07,,3.86062,176994617.0,0.0,-3.86062,2.902613,-0.958007,3.399767,-0.460853
2025-07-08,,3.91001,182254208.0,6.103178,2.193168,3.777186,-0.132824,3.604155,-0.305855
2025-07-09,,3.87657,194280462.0,5.286095,1.409525,3.517725,-0.358845,3.575522,-0.301048
2025-07-10,,4.3456,210686952.0,7.935732,3.590132,4.653224,0.307624,3.839512,-0.506088
2025-07-11,,4.56248,209295645.0,0.0,-4.56248,3.56633,-0.99615,3.58064,-0.98184
2025-07-12,,3.40704,208370081.0,7.322562,3.915522,4.617183,1.210143,3.824924,0.417884
2025-07-13,,3.02631,209991948.0,0.0,-3.02631,3.751329,0.725019,3.552924,0.526614
2025-07-14,,0.0,213795277.0,4.660886,4.660886,4.428734,4.428734,3.71029,3.71029
2025-07-15,,0.0,218421447.0,0.0,0.0,3.548671,3.548671,3.535539,3.535539
2025-07-16,,4.55832,194694561.0,0.0,-4.55832,2.78948,-1.76884,3.535539,-1.022781
2025-07-17,,0.0,196620113.0,5.150571,5.150571,2.406312,2.406312,3.487251,3.487251
2025-07-18,,0.0,206563345.0,0.0,0.0,2.406312,2.406312,3.75982,3.75982
2025-07-19,,3.42445,208867503.0,0.0,-3.42445,1.377667,-2.046783,3.542446,0.117996
2025-07-20,,0.0,218899446.0,-29.335988,-29.335988,-3.528465,-3.528465,1.973611,1.973611
2025-07-21,,0.0,218242017.0,25.166507,25.166507,-1.030877,-1.030877,2.739489,2.739489
2025-07-22,,0.0,209247207.0,-29.420798,-29.420798,-5.836604,-5.836604,1.27325,1.27325
2025-07-23,,0.0,201201563.0,0.0,0.0,-5.836604,-5.836604,1.083708,1.083708
2025-07-24,,5.09364,208252073.0,0.0,-5.09364,-6.509783,-11.603423,1.083708,-4.009932
2025-07-25,,4.93146,207664868.0,0.0,-4.93146,-6.509783,-11.441243,0.837987,-4.093473
2025-07-26,,4.54944,210055250.0,0.0,-4.54944,-6.509783,-11.059223,0.702991,-3.846449
2025-07-27,,4.54121,214847375.0,0.0,-4.54121,-1.755269,-6.296479,0.684046,-3.857164
2025-07-28,,4.22578,210245019.0,0.0,-4.22578,-4.855784,-9.081564,0.47796,-3.74782
2025-07-29,,4.48734,208600208.0,6.534245,2.046905,0.908333,-3.579007,0.69018,-3.79716
2025-07-30,,3.49991,206886279.0,0.0,-3.49991,0.908333,-2.591577,0.487714,-3.012196
2025-07-31,,4.58259,204118217.0,43.88612,39.30353,6.292143,1.709553,1.71389,-2.8687
2025-08-01,,0.0,181746461.0,0.0,0.0,6.292143,6.292143,1.480101,1.480101
2025-08-02,,0.0,176609216.0,11.294056,11.294056,7.929463,7.929463,1.842712,1.842712
2025-08-03,,4.38767,181192907.0,0.0,-4.38767,7.929463,3.541793,1.594925,-2.792745
2025-08-04,,4.13652,193006598.0,0.0,-4.13652,7.929463,3.792943,1.594925,-2.541595
2025-08-05,,4.61912,186477793.0,0.0,-4.61912,6.957928,2.338808,1.398104,-3.221016
2025-08-06,,5.34866,189141309.0,0.0,-5.34866,6.957928,1.609268,1.398104,-3.950556
2025-08-07,,4.6979,198379257.0,4.566873,-0.131027,2.190245,-2.507655,1.348819,-3.349081
2025-08-08,,5.74166,203025926.0,8.373104,2.631444,3.370884,-2.370776,1.446494,-4.295166
2025-08-09,,6.18978,215395560.0,2.596334,-3.593446,2.176175,-4.013605,1.27508,-4.9147
2025-08-10,,5.94116,212500927.0,3.185303,-2.755857,2.634896,-3.306264,1.380989,-4.560171
2025-08-11,,7.10244,222567397.0,3.061549,-4.040891,3.078004,-4.024436,1.244174,-5.858266
2025-08-12,,6.92897,243965626.0,6.025365,-0.903605,3.943172,-2.985798,1.441821,-5.487149
2025-08-13,,7.24531,254802216.0,5.027598,-2.217712,4.674119,-2.571191,1.453649,-5.791661
2025-08-14,,5.94795,246431650.0,4.877384,-1.070566,4.718467,-1.229483,1.614823,-4.333127
2025-08-15,,8.07117,243339913.0,6.515382,-1.555788,4.460123,-3.611047,1.828843,-6.242327
2025-08-16,,5.49502,242543040.0,3.251431,-2.243589,4.555149,-0.939871,1.766997,-3.728023
2025-08-17,,5.15702,248612784.0,3.541431,-1.615589,4.606624,-0.550396,1.88512,-3.2719
2025-08-18,,4.99982,239793497.0,1.986057,-3.013763,4.449977,-0.549843,1.951931,-3.047889
2025-08-19,,0.0,230979764.0,2.72074,2.72074,3.978567,3.978567,3.231155,3.231155
2025-08-20,,4.93669,240874452.0,1.988322,-2.948368,3.543293,-1.393397,2.528876,-2.407814
2025-08-21,,5.54691,230937664.0,3.790858,-1.756052,3.389364,-2.157546,3.855366,-1.691544
2025-08-22,,6.04325,262227388.0,4.781824,-1.261426,3.147288,-2.895962,4.017195,-2.026055
2025-08-23,,6.69455,262656565.0,5.268494,-1.426056,3.432767,-3.261783,4.19537,-2.49918
2025-08-24,,4.39357,269212697.0,1.653301,-2.740269,3.161188,-1.232382,4.252338,-0.141232
2025-08-25,,5.7057,247379035.0,4.45156,-1.25414,3.513824,-2.191876,4.403798,-1.301902
2025-08-26,,6.44689,255023159.0,4.768059,-1.678831,3.806069,-2.640821,4.566024,-1.880866
2025-08-27,,5.14009,253837789.0,4.797188,-0.342902,4.209748,-0.930342,4.729473,-0.410617
2025-08-28,,4.624,255457816.0,1.736576,-2.887424,3.912564,-0.711436,4.568733,-0.055267
2025-08-29,,4.44563,247363077.0,3.940795,-0.504835,3.793002,-0.652628,4.703544,0.257914
2025-08-30,,4.76265,247264595.0,2.367545,-2.395105,3.379479,-1.383171,3.522041,-1.240609
2025-08-31,,5.6459,250299192.0,1.664718,-3.981182,3.381138,-2.264762,3.579029,-2.066871
2025-09-01,,5.45391,244308731.0,2.39676,-3.05715,3.088123,-2.365787,3.291752,-2.162158
2025-09-02,,5.35677,246735255.0,3.783167,-1.573603,2.94912,-2.40765,3.419684,-1.937086
2025-09-03,,5.10761,253706526.0,4.951656,-0.155954,2.970784,-2.136826,3.586427,-1.521183
2025-09-04,,4.97224,244700288.0,0.14266,-4.82958,2.738756,-2.233484,3.591349,-1.380891
2025-09-05,,5.52486,243800430.0,6.213976,0.689116,3.056773,-2.468087,3.799727,-1.725133
2025-09-06,,4.62002,242144900.0,4.119002,-0.501018,3.306838,-1.313182,3.784877,-0.835143
2025-09-07,,4.82801,244157278.0,4.171612,-0.656398,3.666962,-1.161048,3.648177,-1.179833
2025-09-08,,4.60866,244579447.0,3.230306,-1.378354,3.787099,-0.821561,3.669463,-0.939197
2025-09-09,,4.90071,244121262.0,5.347724,0.447014,4.009184,-0.891526,3.741158,-1.159552
2025-09-10,,5.90399,249466750.0,3.948338,-1.955652,3.866555,-2.037435,3.77079,-2.1332
2025-09-11,,5.86788,252737598.0,3.70351,-2.16437,4.386296,-1.481584,3.694227,-2.173653
2025-09-12,,5.42141,266311959.0,3.313249,-2.108161,3.974188,-1.447222,3.637357,-1.784053
2025-09-13,,5.95713,263786919.0,7.474662,1.517532,4.446419,-1.510711,3.721902,-2.235228
2025-09-14,,5.64127,262515055.0,3.478853,-2.162417,4.346908,-1.294362,3.621955,-2.019315
2025-09-15,,5.836,257263279.0,0.0,-5.836,3.874064,-1.961936,3.511494,-2.324506
2025-09-16,,6.73849,256208106.0,1.789718,-4.948772,3.365478,-3.373012,3.452638,-3.285852
2025-09-17,,6.52397,257730853.0,5.156151,-1.367819,3.536207,-2.987763,3.558249,-2.965721
2025-09-18,,7.63158,261315345.0,10.313024,2.681444,4.454122,-3.177458,3.804693,-3.826887
2025-09-19,,8.41945,255060811.0,9.86087,1.44142,5.375104,-3.044346,4.062297,-4.357153
2025-09-20,,7.79016,256080290.0,6.495087,-1.295073,5.237359,-2.552801,4.151554,-3.638606
2025-09-21,,7.11046,256601702.0,6.858669,-0.251791,5.721658,-1.388802,4.219715,-2.890745
2025-09-22,,6.89876,241760597.0,3.700832,-3.197928,6.27193,-0.62683,4.167605,-2.731155
2025-09-23,,7.3464,241012158.0,5.57117,-1.77523,6.827147,-0.519253,4.298999,-3.047401
2025-09-24,,7.40491,239275511.0,5.590692,-1.814218,6.890099,-0.514811,4.336716,-3.068194
2025-09-25,,6.55154,222895784.0,8.067248,1.515708,6.576482,0.024942,4.444603,-2.106937
2025-09-26,,7.62536,230313081.0,6.517918,-1.107442,6.107037,-1.518323,4.501319,-3.124041
2025-09-27,,8.71006,233675641.0,0.0,-8.71006,5.15743,-3.55263,4.441363,-4.268697
2025-09-28,,6.71239,245083683.0,7.081674,0.369284,5.188752,-1.523638,4.545057,-2.167333
2025-09-29,,7.18805,255588929.0,4.649478,-2.538572,5.325682,-1.862368,4.621914,-2.566136
2025-09-30,,6.64324,278425721.0,4.014776,-2.628464,5.102442,-1.540798,4.701641,-1.941599
2025-10-01,,6.1365,294098748.0,7.296005,1.159505,5.34327,-0.79323,4.864881,-1.271619
2025-10-02,,6.04253,307983276.0,4.510648,-1.531882,4.84086,-1.20167,4.8893,-1.15323
2025-10-03,,6.37205,312702472.0,6.458911,0.086861,4.832561,-1.539489,4.939167,-1.432883
2025-10-04,,6.44676,310036561.0,4.596017,-1.850743,5.50768,-0.93908,5.091473,-1.355287
2025-10-05,,5.76632,315047455.0,5.652576,-0.113744,5.305364,-0.460956,5.07291,-0.69341
2025-10-06,,5.17767,328993671.0,4.587413,-0.590257,5.29644,0.11877,5.088632,-0.089038
2025-10-07,,8.88195,315529136.0,9.142444,0.260494,6.022784,-2.859166,5.252047,-3.629903
2025-10-08,,5.72579,317118170.0,4.800147,-0.925643,5.666901,-0.058889,5.305011,-0.420779
2025-10-09,,6.13012,306942064.0,6.085218,-0.044902,5.892873,-0.237247,5.329502,-0.800618
2025-10-10,,6.61898,271380912.0,4.936025,-1.682955,5.675136,-0.943844,5.36271,-1.25627
2025-10-11,,30.66423,263859602.0,32.051218,1.386988,9.253121,-21.411109,6.214848,-24.449382
2025-10-12,,6.34807,291674881.0,6.96627,0.6182,9.446161,3.098091,6.337944,-0.010126
2025-10-13,,7.48297,299337165.0,2.94942,-4.53355,9.199632,1.716662,6.185574,-1.297396
2025-10-14,,7.15829,290118476.0,4.757851,-2.400439,8.561867,1.403577,6.229063,-0.929227
2025-10-15,,7.072,280985198.0,3.703565,-3.368435,8.398857,1.326857,6.357913,-0.714087
2025-10-16,,6.48579,278254752.0,4.836735,-1.649055,8.215686,1.729896,6.462533,-0.023257
2025-10-17,,6.96831,276776044.0,4.457533,-2.510777,8.145056,1.176746,6.43888,-0.52943
2025-10-18,,6.95807,279042391.0,5.210865,-1.747205,4.69098,-2.26709,6.270997,-0.687073
2025-10-19,,5.60125,289526406.0,4.103045,-1.498205,4.285979,-1.315271,6.08047,0.47922
2025-10-20,,5.18959,286672503.0,3.839003,-1.350587,4.414238,-0.775352,5.991198,0.801608
2025-10-21,,5.26781,280601812.0,0.0,-5.26781,3.723204,-1.544606,5.757086,0.489276
2025-10-22,,5.86651,255704876.0,6.590908,0.724398,4.13092,-1.73559,5.854032,-0.012478
2025-10-23,,5.20727,264424963.0,1.797848,-3.409422,3.694261,-1.513009,5.725687,0.518417
2025-10-24,,5.27155,269636561.0,3.464809,-1.806741,3.552903,-1.718647,5.654034,0.382484
2025-10-25,,5.40208,271776923.0,2.278148,-3.123932,3.135533,-2.266547,5.460309,0.058229
2025-10-26,,5.42026,285604148.0,4.128825,-1.291435,3.139181,-2.281079,5.380596,-0.039664
2025-10-27,,5.44883,282185101.0,3.723564,-1.725266,3.122793,-2.326037,5.509095,0.060265
2025-10-28,,5.46399,273835988.0,1.974131,-3.489859,3.411188,-2.052802,5.337351,-0.126639
2025-10-29,,5.37278,268217204.0,3.012038,-2.360742,2.907883,-2.464897,5.281991,-0.090789
2025-10-30,,5.4489,258383750.0,3.308971,-2.139929,3.124736,-2.324164,5.2581,-0.1908
2025-10-31,,5.32365,264806804.0,2.702038,-2.621612,3.015782,-2.307868,5.104677,-0.218973
2025-11-01,,4.78507,265408779.0,1.721464,-3.063606,2.935495,-1.849575,5.009948,0.224878
2025-11-02,,4.93103,264246085.0,4.159916,-0.771114,2.939885,-1.991145,4.933558,0.002528
2025-11-03,,6.62314,245774746.0,4.57151,-2.05163,3.059686,-3.563454,4.932738,-1.690402
2025-11-04,,6.2093,216780876.0,12.09088,5.88158,4.46178,-1.74752,5.139848,-1.069452
2025-11-05,,8.12774,229443961.0,6.912845,-1.214895,5.017919,-3.109821,5.216946,-2.910794
2025-11-06,,6.03065,219601747.0,2.092935,-3.937715,4.840429,-1.190221,4.983028,-1.047622
2025-11-07,,6.48656,228586940.0,3.65751,-2.82905,4.979214,-1.507346,4.944671,-1.541889
2025-11-08,,6.30971,226143705.0,7.466449,1.156739,5.806398,-0.503312,4.989933,-1.319777
2025-11-09,,5.94322,234688320.0,4.027913,-1.915307,5.787232,-0.155988,4.959519,-0.983701
2025-11-10,,7.11208,234040619.0,4.080754,-3.031326,5.716166,-1.395914,4.130056,-2.982024
2025-11-11,,7.71107,230105756.0,3.6562,-4.05487,4.541285,-3.169785,4.021006,-3.690064
2025-11-12,,6.91308,229540234.0,3.81939,-3.09369,4.103709,-2.809371,4.050187,-2.862893
2025-11-13,,7.96858,217422271.0,5.525783,-2.442797,4.596715,-3.371865,4.075523,-3.893057
2025-11-14,,9.54229,211959083.0,7.452322,-2.089968,5.13535,-4.40694,4.198789,-5.343501
2025-11-15,,7.92455,214560786.0,6.941543,-0.983007,5.061836,-2.862714,4.267854,-3.656696
2025-11-16,,8.248,208708210.0,4.542168,-3.705832,5.135875,-3.112125,4.270669,-3.977331
2025-11-17,,8.54424,206226559.0,5.15335,-3.39089,5.289977,-3.254263,4.268769,-4.275471
2025-11-18,,9.32735,214882056.0,9.812481,0.485131,6.161371,-3.165979,4.454508,-4.872842
2025-11-19,,8.36361,205694807.0,5.1073,-3.25631,6.348516,-2.015094,4.496786,-3.866824
2025-11-20,,10.43507,208612110.0,8.717927,-1.717143,6.802243,-3.632827,4.788343,-5.646727
2025-11-21,,13.86683,199807336.0,22.299847,8.433017,8.795364,-5.071466,5.269646,-8.597184
2025-11-22,,9.09334,206091416.0,5.919623,-3.173717,8.646233,-0.447107,5.409016,-3.684324
2025-11-23,,8.37833,209903374.0,3.67028,-4.70805,8.516322,0.137992,5.415987,-2.962343
2025-11-24,,8.22631,216431174.0,6.753214,-1.473096,8.75066,0.52435,5.566571,-2.659739
2025-11-25,,7.91539,220157696.0,4.767002,-3.148388,8.022378,0.106988,5.588074,-2.327316
2025-11-26,,7.73988,226785851.0,5.510195,-2.229685,8.081433,0.341553,5.648199,-2.091681
2025-11-27,,8.19803,226136692.0,7.151007,-1.047023,7.857511,-0.340519,5.822733,-2.375297
2025-11-28,,8.60989,229840784.0,6.417158,-2.192732,5.735248,-2.874642,5.937511,-2.672379
2025-11-29,,8.09688,226747129.0,5.773943,-2.322937,5.71446,-2.38242,6.02081,-2.07607
2025-11-30,,7.75087,230240458.0,6.656519,-1.094351,6.144201,-1.606669,6.154416,-1.596454
2025-12-01,,9.34736,212349936.0,5.833504,-3.513856,6.013079,-3.334281,6.294734,-3.052626
2025-12-02,,9.19741,229045702.0,9.391354,0.193944,6.669247,-2.528163,6.468507,-2.728903
2025-12-03,,9.03974,251515184.0,7.310381,-1.729359,6.927361,-2.112379,6.560302,-2.479438
2025-12-04,,7.48998,248825874.0,5.446185,-2.043795,6.682649,-0.807331,6.343462,-1.146518
2025-12-05,,8.23729,241486337.0,6.031534,-2.205756,6.627337,-1.609953,6.314124,-1.923166
2025-12-06,,8.01969,243213756.0,6.591468,-1.428222,6.74468,-1.27501,6.467043,-1.552647
2025-12-07,,7.83708,242720310.0,6.682256,-1.154824,6.748359,-1.088721,6.569167,-1.267913
2025-12-08,,7.75497,253582448.0,6.621646,-1.133324,6.861564,-0.893406,6.541136,-1.213834
2025-12-09,,7.49803,269494092.0,11.464772,3.966742,7.148593,-0.349437,6.786638,-0.711392
2025-12-10,,6.94038,272287862.0,5.053026,-1.887354,6.823658,-0.116722,6.81974,-0.12064
2025-12-11,,6.59663,268868689.0,6.119491,-0.477139,6.920836,0.324206,6.903399,0.306769
2025-12-12,,6.81811,256533359.0,5.205819,-1.612291,6.801488,-0.016622,6.950682,0.132572
2025-12-13,,6.69277,262056084.0,3.257581,-3.435189,6.317757,-0.375013,6.873246,0.180476
2025-12-14,,6.53769,261398598.0,5.941951,-0.595739,6.212046,-0.325644,6.822829,0.285139
2025-12-15,,6.17534,253201410.0,5.253688,-0.921652,6.016295,-0.159045,6.766196,0.590856
2025-12-16,,6.98229,257092678.0,4.994466,-1.987824,5.114456,-1.867834,6.781561,-0.200729
2025-12-17,,6.40291,246218085.0,5.326797,-1.076113,5.153545,-1.249365,6.787428,0.384518
2025-12-18,,6.07239,245032342.0,5.669307,-0.403083,5.089703,-0.982687,6.650615,0.578225
2025-12-19,,6.92157,258929435.0,4.883112,-2.038458,5.043592,-1.877978,6.643024,-0.278546
2025-12-20,,5.90863,258848312.0,0.0,-5.90863,4.563645,-1.344985,6.346307,0.437677
2025-12-21,,5.73932,261405497.0,9.180534,3.441214,5.014409,-0.724911,5.944819,0.205499
2025-12-22,,6.03888,260062787.0,4.135774,-1.903106,4.85434,-1.18454,5.884854,-0.154026
2025-12-23,,5.89861,255645026.0,4.410317,-1.488293,4.770802,-1.127808,5.909962,0.011352
2025-12-24,,5.96539,256486265.0,-3.650881,-9.616271,3.445824,-2.519566,5.548575,-0.416815
2025-12-25,,6.44868,253692863.0,2.637996,-3.810684,3.016585,-3.432095,5.476367,-0.972313
2025-12-26,,6.01399,255256842.0,4.16427,-1.84972,2.915424,-3.098566,5.431238,-0.582752
2025-12-27,,5.74831,255420778.0,8.518621,2.770311,4.124398,-1.623912,5.475819,-0.272491
2025-12-28,,5.79868,256856535.0,1.693291,-4.105389,3.073007,-2.725673,5.3163,-0.48238
2025-12-29,,5.6594,256663125.0,8.724549,3.065149,3.709926,-1.949474,5.412932,-0.246468
2025-12-30,,6.17379,251645657.0,6.286708,0.112918,3.974156,-2.199634,5.400728,-0.773062
2025-12-31,,6.20481,252994879.0,5.641123,-0.563687,5.350738,-0.854072,5.394336,-0.810474
2026-01-01,,6.16381,256447842.0,5.095202,-1.068608,5.707403,-0.456407,5.253675,-0.910135
2026-01-02,,6.12832,268263244.0,5.096363,-1.031957,5.842016,-0.286304,5.180557,-0.947763
2026-01-03,,6.30346,268057812.0,3.399595,-2.903865,5.113908,-1.189552,5.111862,-1.191598
2026-01-04,,5.84364,269530618.0,4.729844,-1.113796,5.556659,-0.286981,5.068592,-0.775048
2026-01-05,,5.70748,290640096.0,4.722812,-0.984668,4.992679,-0.714801,5.006667,-0.700813
2026-01-06,,5.74481,298366472.0,6.001767,0.256957,4.952423,-0.792387,4.984271,-0.760539
2026-01-07,,5.24479,287233685.0,4.768463,-0.476327,4.828129,-0.416661,4.92293,-0.32186
2026-01-08,,5.55749,284983359.0,5.049199,-0.508291,4.821573,-0.735917,4.715808,-0.841682
2026-01-09,,5.51611,283461138.0,3.16988,-2.34623,4.544899,-0.971211,4.652689,-0.863421
2026-01-10,,5.04468,283715475.0,4.145257,-0.899423,4.652271,-0.392409,4.5872,-0.45748
2026-01-11,,5.05492,287772307.0,3.934753,-1.120167,4.5384,-0.51652,4.544833,-0.510087
2026-01-12,,4.95582,286960811.0,3.850427,-1.105393,4.413546,-0.542274,4.564785,-0.391035
2026-01-13,,4.92805,297322058.0,3.512234,-1.415816,4.059649,-0.868401,4.483948,-0.444102
2026-01-14,,5.46945,310324186.0,3.942732,-1.526718,3.942088,-1.527362,4.440306,-1.029144
2026-01-15,,4.33744,310119060.0,2.466513,-1.870927,3.573115,-0.764325,4.355494,0.018054
2026-01-16,,4.84163,308987460.0,5.688187,0.846557,3.930557,-0.911073,4.36741,-0.47422
2026-01-17,,5.50861,311145790.0,8.461153,2.952543,4.535187,-0.973423,4.458171,-1.050439
2026-01-18,,5.28307,320682216.0,3.763315,-1.519755,4.510537,-0.772533,4.420802,-0.862268
2026-01-19,,5.58803,308496802.0,5.756911,0.168881,4.782491,-0.805539,4.615809,-0.972221
2026-01-20,,5.16434,287938396.0,4.927166,-0.237174,4.985916,-0.178424,4.477332,-0.687008
2026-01-21,,4.63337,295881532.0,2.754339,-1.879031,4.813595,0.180225,4.430835,-0.202535
2026-01-22,,4.82094,290155821.0,4.310953,-0.509987,5.081066,0.260126,4.42752,-0.39342
2026-01-23,,4.32388,291296136.0,4.492673,0.168793,4.91043,0.58655,4.71034,0.38646
2026-01-24,,4.13738,302717873.0,3.218523,-0.918857,4.170529,0.033149,4.730027,0.592647
2026-01-25,,4.48065,278444183.0,2.956024,-1.524626,4.054362,-0.426288,4.689305,0.208655
2026-01-26,,4.68538,290713042.0,3.825685,-0.859695,3.780765,-0.904615,4.535147,-0.150233
2026-01-27,,4.31976,299554136.0,3.449126,-0.870634,3.570651,-0.749109,4.594814,0.275054
2026-01-28,,4.01943,297767909.0,2.001913,-2.017517,3.461966,-0.557464,4.372522,0.353092
2026-01-29,,3.67732,278304422.0,4.182949,0.505629,3.443819,-0.233501,4.302992,0.625672
2026-01-30,,4.28335,263173875.0,3.680593,-0.602757,3.328588,-0.954762,4.237883,-0.045467
2026-01-31,,4.27836,229957182.0,5.331687,1.053327,3.628172,-0.650188,4.245693,-0.032667
2026-02-01,,9.56738,222882405.0,7.678741,-1.888639,4.294268,-5.273112,4.330077,-5.237303
2026-02-02,,5.19566,234187543.0,9.07028,3.87462,5.031076,-0.164584,4.51592,-0.67974
2026-02-03,,3.94764,221417853.0,2.234482,-1.713158,4.854009,0.906369,4.43194,0.4843
2026-02-04,,4.26096,207765957.0,2.666345,-1.594615,4.95131,0.69035,4.362924,0.101964
2026-02-05,,0.0,178640468.0,8.759294,8.759294,5.597824,5.597824,4.452302,4.452302
2026-02-06,,0.0,172996855.0,3.757742,3.757742,5.609046,5.609046,4.418555,4.418555
2026-02-07,,4.11031,172038207.0,0.0,-4.11031,4.828265,0.717955,4.247246,0.136936
2026-02-08,,2.75736,173269450.0,0.0,-2.75736,3.726185,0.968825,4.138861,1.381501
2026-02-09,,0.0,171353254.0,0.0,0.0,2.447596,2.447596,3.997965,3.997965
2026-02-10,,4.07888,164232150.0,0.0,-4.07888,2.124681,-1.954199,3.864264,-0.214616
2026-02-11,,4.28422,158998673.0,0.0,-4.28422,1.741498,-2.542722,3.733542,-0.550678
2026-02-12,,4.07132,159628516.0,0.0,-4.07132,0.528371,-3.542949,3.614249,-0.457071
2026-02-13,,3.13655,167658661.0,0.0,-3.13655,0.0,-3.13655,3.480777,0.344227
2026-02-14,,0.0,170511294.0,0.0,0.0,0.0,0.0,3.396764,3.396764
2026-02-15,,0.0,153477439.0,0.0,0.0,0.0,0.0,3.206266,3.206266
2026-02-16,,0.0,153827818.0,0.0,0.0,0.0,0.0,2.927224,2.927224
2026-02-17,,0.0,153990944.0,0.0,0.0,0.0,0.0,2.800556,2.800556
2026-02-18,,2.00289,148322576.0,0.0,-2.00289,0.0,-2.00289,2.608933,0.606043
2026-02-19,,3.13146,147306884.0,0.0,-3.13146,0.0,-3.13146,2.444561,-0.686899
2026-02-20,,3.36192,149279090.0,0.0,-3.36192,0.0,-3.36192,2.35182,-1.0101
2026-02-21,,3.20385,149484570.0,0.0,-3.20385,0.0,-3.20385,2.207925,-0.995925
2026-02-22,,3.14141,147131329.0,0.0,-3.14141,0.0,-3.14141,2.058311,-1.083099
2026-02-23,,1.70016,139679691.0,9.84873,8.14857,1.350959,-0.349201,2.270322,0.570162
2026-02-24,,3.1194,138776607.0,3.882616,0.763216,1.903976,-1.215424,2.30087,-0.81853
2026-02-25,,1.25586,153324058.0,0.0,-1.25586,1.903976,0.648116,2.172927,0.917067
2026-02-26,,3.50608,149090411.0,1.769384,-1.736696,2.159626,-1.346454,2.117187,-1.388893
2026-02-27,,3.15831,141406969.0,0.0,-3.15831,2.159626,-0.998684,2.049739,-1.108571
2026-02-28,,3.55176,144836928.0,3.825709,0.273949,2.709016,-0.842744,2.038056,-1.513704
2026-03-01,,3.30311,141637215.0,0.0,-3.30311,2.709016,-0.594094,1.915192,-1.387918
2026-03-02,,3.52932,150682087.0,0.0,-3.52932,1.339954,-2.189366,1.738881,-1.790439
2026-03-03,,3.90218,146358200.0,2.109471,-1.792709,1.091021,-2.811159,1.55894,-2.34324
2026-03-04,,3.75697,157160514.0,1.594971,-2.161999,1.319801,-2.437169,1.318874,-2.438096
2026-03-05,,3.45408,153448633.0,2.770313,-0.683767,1.461563,-1.992517,1.33653,-2.11755
2026-03-06,,3.2245,146453228.0,0.0,-3.2245,1.461563,-1.762937,1.247683,-1.976817
2026-03-07,,3.27436,144972547.0,1.726064,-1.548296,1.16587,-2.10849,1.022308,-2.252052
2026-03-08,,3.36288,143163842.0,1.578067,-1.784813,1.392409,-1.970471,0.95084,-2.41204
2026-03-09,,2.96577,147147828.0,0.0,-2.96577,1.392409,-1.573361,0.95084,-2.01493
2026-03-10,,3.43005,149843947.0,5.706697,2.276647,1.895149,-1.534901,1.137765,-2.292285
2026-03-11,,3.75168,152852271.0,2.306009,-1.445671,1.996722,-1.754958,1.214653,-2.537027
2026-03-12,,3.15142,152858215.0,0.0,-3.15142,1.599327,-1.552093,1.214653,-1.936767
2026-03-13,,15.96593,155044403.0,19.141639,3.175709,4.173452,-11.792478,1.807282,-14.158648
2026-03-14,,4.45483,157764583.0,5.502762,1.047932,4.717367,0.262537,1.989228,-2.465602
2026-03-15,,4.3815,165106016.0,0.0,-4.3815,4.483399,0.101899,1.989228,-2.392272
2026-03-16,,5.63913,178742903.0,3.971971,-1.667159,5.066412,-0.572718,2.121734,-3.517396
2026-03-17,,4.51948,180307940.0,2.325393,-2.194087,4.57958,0.0601,2.200015,-2.319465
2026-03-18,,4.34883,170207950.0,2.188925,-2.159905,4.562473,0.213643,2.273807,-2.075023
2026-03-19,,5.67317,166351970.0,4.278786,-1.394384,5.190197,-0.482973,2.416741,-3.256429
2026-03-20,,4.93174,172080055.0,3.008333,-1.923407,3.026265,-1.905475,2.517978,-2.413762
2026-03-21,,3.93376,171717890.0,0.0,-3.93376,2.240873,-1.692887,2.517978,-1.415782
2026-03-22,,6.86355,164177086.0,8.653875,1.790325,3.460332,-3.403218,2.801994,-4.061556
2026-03-23,,4.73704,173027101.0,4.529802,-0.207238,3.539448,-1.197592,2.953918,-1.783122
2026-03-24,,4.26223,172380872.0,2.9476,-1.31463,3.629156,-0.633074,3.053659,-1.208571
2026-03-25,,4.10525,174580003.0,1.921761,-2.183489,3.590409,-0.514841,2.796694,-1.308556
2026-03-26,,4.15869,164625286.0,4.21386,0.05517,3.581192,-0.577498,2.807603,-1.351087
2026-03-27,,4.4464,157998691.0,4.130126,-0.316274,3.741592,-0.704808,2.946388,-1.500012
2026-03-28,,4.09468,160305524.0,2.492867,-1.601813,4.107154,0.012474,2.9707,-1.12398
2026-03-29,,3.9549,156938506.0,3.435989,-0.518911,3.377782,-0.577118,3.08672,-0.86818
2026-03-30,,4.30495,161833423.0,2.245996,-2.058954,3.052057,-1.252893,3.034049,-1.270901
2026-03-31,,4.21081,168062974.0,3.816936,-0.393874,3.175926,-1.034884,3.162781,-1.048029
2026-04-01,,4.12073,171979589.0,3.995728,-0.125002,3.47327,-0.64746,3.297598,-0.823132
2026-04-02,,4.8432,166219147.0,2.776897,-2.066303,3.268233,-1.574967,3.320034,-1.523166
2026-04-03,,3.82913,186145572.0,3.942975,0.113845,3.241698,-0.587432,3.398754,-0.430376
2026-04-04,,3.53934,188335911.0,3.406766,-0.132574,3.372709,-0.166631,3.420035,-0.119305
2026-04-05,,3.5484,190008922.0,2.072416,-1.475984,3.176923,-0.371477,3.490772,-0.057628
2026-04-06,,3.36912,190806682.0,3.24946,-0.11966,3.320976,-0.048144,3.542062,0.172942
2026-04-07,,3.1251,199797877.0,2.644014,-0.481086,3.153402,0.028302,3.578098,0.452998
2026-04-08,,3.1028,198065515.0,2.540878,-0.561922,2.946003,-0.156797,3.664765,0.561965
2026-04-09,,2.78238,199047518.0,1.872965,-0.909415,2.816168,0.033788,3.537192,0.754812
2026-04-10,,2.83173,197852358.0,2.199008,-0.632722,2.56794,-0.26379,3.533581,0.701851
2026-04-11,,2.69154,202484851.0,1.568805,-1.122735,2.305498,-0.386042,3.587316,0.895776
2026-04-12,,2.69524,193944011.0,2.514207,-0.181033,2.368638,-0.326602,3.069601,0.374361
2026-04-13,,2.56171,207633827.0,1.763452,-0.798258,2.156852,-0.404858,2.945696,0.383986
2026-04-14,,2.62007,200207419.0,3.323921,0.703851,2.253247,-0.366823,3.057964,0.437894
2026-04-15,,2.40419,203988601.0,1.658815,-0.745375,2.127126,-0.277064,2.980702,0.576512
2026-04-16,,3.47542,202004236.0,-2.441212,-5.916632,1.497761,-1.977659,2.817084,-0.658336
2026-04-17,,3.94862,209975609.0,8.49519,4.54657,2.36832,-1.5803,3.02252,-0.9261
2026-04-18,,0.0,177665189.0,3.414657,3.414657,2.632042,2.632042,2.993949,2.993949
2026-04-19,,0.0,160917300.0,0.0,0.0,2.268618,2.268618,2.892242,2.892242
2026-04-20,,0.0,164210481.0,0.0,0.0,2.013546,2.013546,2.892242,2.892242
2026-04-21,,0.0,163611013.0,0.0,0.0,1.538126,1.538126,2.607976,2.607976
2026-04-22,,0.0,169745834.0,0.0,0.0,1.299762,1.299762,2.456563,2.456563
2026-04-23,,0.0,165095173.0,0.0,0.0,1.658055,1.658055,2.3574,2.3574
2026-04-24,,0.0,163685325.0,0.0,0.0,0.480817,0.480817,2.292473,2.292473
2026-04-25,,0.0,164025091.0,0.0,0.0,0.0,0.0,2.151833,2.151833
2026-04-26,,0.0,167174618.0,0.0,0.0,0.0,0.0,2.014119,2.014119
2026-04-27,,0.0,162398616.0,0.0,0.0,0.0,0.0,1.930424,1.930424
2026-04-28,,0.0,161772252.0,0.0,0.0,0.0,0.0,1.815705,1.815705
2026-04-29,,0.0,159732502.0,0.0,0.0,0.0,0.0,1.740351,1.740351
2026-04-30,,0.0,159499639.0,0.0,0.0,0.0,0.0,1.613394,1.613394
2026-05-01,,0.0,162289609.0,0.0,0.0,0.0,0.0,1.480774,1.480774
2026-05-02,,0.0,164590524.0,0.0,0.0,0.0,0.0,1.388163,1.388163
2026-05-03,,0.0,165860940.0,0.0,0.0,0.0,0.0,1.257551,1.257551
2026-05-04,,0.0,166621057.0,0.0,0.0,0.0,0.0,1.144542,1.144542
2026-05-05,,0.0,167549629.0,0.0,0.0,0.0,0.0,1.075409,1.075409
2026-05-06,,0.0,166032202.0,0.0,0.0,0.0,0.0,0.967727,0.967727
2026-05-07,,6.33569,161825998.0,0.0,-6.33569,0.0,-6.33569,0.879935,-5.455755
2026-05-08,,4.65627,163543606.0,0.0,-4.65627,0.0,-4.65627,0.795596,-3.860674
2026-05-09,,5.51115,164874104.0,0.0,-5.51115,0.0,-5.51115,0.733269,-4.777881
2026-05-10,,5.80689,165011382.0,0.0,-5.80689,0.0,-5.80689,0.660258,-5.146632
2026-05-11,,6.47014,165641954.0,0.0,-6.47014,0.0,-6.47014,0.608041,-5.862099
2026-05-12,,6.42311,161527820.0,0.0,-6.42311,0.0,-6.42311,0.524801,-5.898309
2026-05-13,,6.41754,159849633.0,0.0,-6.41754,0.0,-6.41754,0.466243,-5.951297
2026-05-14,,6.36005,162593581.0,0.0,-6.36005,0.0,-6.36005,0.356799,-6.003251
2026-05-15,,5.7575,157322805.0,0.0,-5.7575,0.0,-5.7575,0.301778,-5.455722
2026-05-16,,5.58,154258355.0,0.0,-5.58,0.0,-5.58,0.384444,-5.195556
2026-05-17,,5.78529,154120174.0,0.0,-5.78529,0.0,-5.78529,0.111984,-5.673306
2026-05-18,,5.50978,144138744.0,5.386516,-0.123264,0.752309,-4.757471,0.175035,-5.334745
2026-05-19,,6.02502,127877316.0,4.343955,-1.681065,1.366206,-4.658814,0.317125,-5.707895
2026-05-20,,6.09983,128154575.0,2.307832,-3.791998,1.697142,-4.402688,0.393449,-5.706381
2026-05-21,,6.1081,128710511.0,4.180737,-1.927363,2.293917,-3.814183,0.530603,-5.577497
2026-05-22,,5.11319,124713291.0,4.257155,-0.856035,2.904972,-2.208218,0.670405,-4.442785
2026-05-23,,6.28489,127063922.0,2.202389,-4.082501,3.225724,-3.059166,0.743535,-5.541355
2026-05-24,,5.87791,125673566.0,4.262981,-1.614929,3.843175,-2.034735,0.883821,-4.994089
2026-05-25,,6.25236,126193614.0,3.207857,-3.044503,3.533743,-2.718617,0.990057,-5.262303
2026-05-26,,6.18254,120541820.0,5.03847,-1.14407,3.63191,-2.55063,1.155669,-5.026871
2026-05-27,,6.45848,117983461.0,5.596695,-0.861785,4.101399,-2.357081,1.339457,-5.119023
2026-05-28,,6.67564,121967649.0,4.360424,-2.315216,4.12703,-2.54861,1.483733,-5.191907
2026-05-29,,6.9686,126798187.0,4.404188,-2.564412,4.147996,-2.820604,1.629635,-5.338965
2026-05-30,,6.44635,129053922.0,4.25801,-2.18834,4.444698,-2.001652,1.770993,-4.675357
2026-05-31,,6.25465,128957019.0,2.8646,-3.39005,4.243421,-2.011229,1.86685,-4.3878
2026-06-01,,6.37725,128494860.0,4.455157,-1.922093,4.42247,-1.95478,2.014962,-4.362288
2026-06-02,,5.6358,119839068.0,3.244555,-2.391245,4.165814,-1.469986,2.123599,-3.512201
2026-06-03,,6.46553,117286042.0,5.947235,-0.518295,4.215143,-2.250387,2.320448,-4.145082
2026-06-04,,6.56771,113753469.0,5.924336,-0.643374,4.436828,-2.130882,2.516938,-4.050772
2026-06-05,,7.58679,104337046.0,6.653443,-0.933347,4.755322,-2.831468,2.737293,-4.849497
2026-06-06,,8.97757,102184985.0,7.782031,-1.195539,5.253977,-3.723593,2.994255,-5.983315
2026-06-07,,7.23064,110364154.0,7.950064,0.719424,5.982062,-1.248578,3.25722,-3.97342
2026-06-08,,8.10113,112702945.0,3.504276,-4.596854,5.843696,-2.257434,3.375837,-4.725293
2026-06-09,,8.65668,108137956.0,5.701176,-2.955504,6.199861,-2.456819,3.567072,-5.089608
2026-06-10,,7.3193,112680889.0,5.312179,-2.007121,6.108688,-1.210612,3.74591,-3.57339
2026-06-11,,7.13014,117005164.0,2.9047,-4.22544,5.671186,-1.458954,3.844977,-3.285163
2026-06-12,,6.68812,116203136.0,4.547705,-2.140415,5.370583,-1.317537,3.999035,-2.689085
2026-06-13,,6.44853,118820470.0,2.883205,-3.565325,4.672694,-1.775836,4.097618,-2.350912
2026-06-14,,5.14836,135327837.0,4.013615,-1.134745,4.118698,-1.029662,4.234255,-0.914105
2026-06-15,,4.93398,135176831.0,6.118006,1.184026,4.490302,-0.443678,4.440779,-0.493201
2026-06-16,,5.29361,130859268.0,1.861107,-3.432503,3.939366,-1.354244,4.504995,-0.788615
2026-06-17,,5.27121,126732739.0,3.58598,-1.68523,3.694254,-1.576956,4.444982,-0.826228
2026-06-18,,5.2976,125138306.0,4.302922,-0.994678,3.89437,-1.40323,4.443613,-0.853987
2026-06-19,,5.52258,124818878.0,2.241897,-3.280683,3.563891,-1.958689,4.441368,-1.081212
2026-06-20,,5.10576,127356024.0,3.614813,-1.490947,3.668778,-1.436982,4.422407,-0.683353
2026-06-21,,5.22115,125984501.0,2.073344,-3.147806,3.390281,-1.830869,4.348749,-0.872401
2026-06-22,,5.2042,126469497.0,3.388067,-1.816133,3.006057,-2.198143,4.388878,-0.815322
2026-06-23,,5.0662,122093010.0,3.747705,-1.318495,3.276462,-1.789738,4.37164,-0.69456
2026-06-24,,4.93691,118543677.0,2.071766,-2.865144,3.059429,-1.877481,4.333138,-0.603772
2026-06-25,,5.26704,115079734.0,3.702215,-1.564825,2.974426,-2.292614,4.288621,-0.978419
2026-06-26,,6.13546,112676663.0,3.904974,-2.230486,3.21206,-2.9234,4.232493,-1.902967
2026-06-27,,5.06693,113247537.0,3.803841,-1.263089,3.238938,-1.827992,4.213915,-0.853015
2026-06-28,,4.99755,111617369.0,4.061411,-0.936139,3.523821,-1.473729,4.202492,-0.795058
2026-06-29,,5.13181,114331837.0,2.007304,-3.124506,3.32517,-1.80664,4.126714,-1.005096
2026-06-30,,5.2463,111093698.0,3.391376,-1.854924,3.274399,-1.971901,4.144445,-1.101855
2026-07-01,,4.82617,114744279.0,3.416552,-1.409618,3.467686,-1.358484,4.109761,-0.716409
2026-07-02,,5.17824,120186038.0,2.114984,-3.063256,3.239953,-1.938287,4.071591,-1.106649
2026-07-03,,4.74245,124536623.0,3.351162,-1.391288,3.161163,-1.581287,3.985564,-0.756886
2026-07-04,,4.80555,126452870.0,3.215899,-1.589651,3.077488,-1.728062,3.895821,-0.909729
2026-07-05,,4.72008,126882670.0,1.732849,-2.987231,2.744777,-1.975303,3.732368,-0.987712
2026-07-06,,4.42124,130492172.0,3.082472,-1.338768,2.898789,-1.522451,3.57833,-0.84291
2026-07-07,,4.81635,128201745.0,1.791078,-3.025272,2.66974,-2.14661,3.375701,-1.440649
2026-07-08,,4.62622,126171228.0,3.482646,-1.143574,2.679111,-1.947109,3.37498,-1.25124
2026-07-09,,4.65504,127804339.0,3.25931,-1.39573,2.842705,-1.812335,3.294474,-1.360566
2026-07-10,,4.92641,130830074.0,2.493702,-2.432708,2.720378,-2.206032,3.201111,-1.725299
2026-07-11,,4.7348,133104562.0,3.53949,-1.19531,2.766322,-1.968478,3.222269,-1.512531
2026-07-12,,4.74896,132785291.0,3.390797,-1.358163,3.003923,-1.745037,3.183989,-1.564971
2026-07-13,,5.17674,129666219.0,2.229567,-2.947173,2.881739,-2.295001,3.16207,-2.01467
2026-07-14,,5.65279,139728240.0,7.535844,1.883054,3.691824,-1.960966,3.276652,-2.376138
2026-07-15,,5.84106,142512711.0,5.164705,-0.676355,3.930943,-1.910117,3.245591,-2.595469
2026-07-16,,5.63129,138640486.0,3.336135,-2.295155,3.941986,-1.689304,3.295081,-2.336209
2026-07-17,,5.93219,135659550.0,3.336135,-2.596055,3.576884,-2.355306,3.173843,-2.758347
