date,block,block_timestamp_est,oracle_price_d18,oracle_report_timestamp,oracle_suspicious,share_price_wei,share_price
2026-02-02,24375711,1770076799,1000000000000000000,1770051887,False,1000000000000000000,1.0
2026-02-03,24382864,1770163199,1000000000000000000,1770051887,False,1000000000000000000,1.0
2026-02-04,24390016,1770249599,1000000000000000000,1770051887,False,1000000000000000000,1.0
2026-02-05,24397168,1770335999,1000000000000000000,1770051887,False,1000000000000000000,1.0
2026-02-06,24404320,1770422399,1000000000000000000,1770051887,False,1000000000000000000,1.0
2026-02-07,24411473,1770508799,1000000000000000000,1770051887,False,1000000000000000000,1.0
2026-02-08,24418625,1770595199,1000000000000000000,1770051887,False,1000000000000000000,1.0
2026-02-09,24425777,1770681599,1000000000000000000,1770051887,False,1000000000000000000,1.0
2026-02-10,24432930,1770767999,1000000000000000000,1770051887,False,1000000000000000000,1.0
2026-02-11,24440082,1770854399,1000000000000000000,1770051887,False,1000000000000000000,1.0
2026-02-12,24447234,1770940799,1000000000000000000,1770051887,False,1000000000000000000,1.0
2026-02-13,24454387,1771027199,1000000000000000000,1770051887,False,1000000000000000000,1.0
2026-02-14,24461539,1771113599,1000000000000000000,1770051887,False,1000000000000000000,1.0
2026-02-15,24468691,1771199999,1000000000000000000,1770051887,False,1000000000000000000,1.0
2026-02-16,24475844,1771286399,1000000000000000000,1770051887,False,1000000000000000000,1.0
2026-02-17,24482996,1771372799,1000000000000000000,1770051887,False,1000000000000000000,1.0
2026-02-18,24490148,1771459199,1000000000000000000,1770051887,False,1000000000000000000,1.0
2026-02-19,24497301,1771545599,1000000000000000000,1770051887,False,1000000000000000000,1.0
2026-02-20,24504453,1771631999,1000000000000000000,1770051887,False,1000000000000000000,1.0
2026-02-21,24511605,1771718399,1000000000000000000,1770051887,False,1000000000000000000,1.0
2026-02-22,24518758,1771804799,1000000000000000000,1770051887,False,1000000000000000000,1.0
2026-02-23,24525910,1771891199,1000000000000000000,1770051887,False,1000000000000000000,1.0
2026-02-24,24533062,1771977599,1000000000000000000,1770051887,False,1000000000000000000,1.0
2026-02-25,24540215,1772063999,1000000000000000000,1770051887,False,1000000000000000000,1.0
2026-02-26,24547367,1772150399,1000000000000000000,1770051887,False,1000000000000000000,1.0
2026-02-27,24554519,1772236799,1000000000000000000,1770051887,False,1000000000000000000,1.0
2026-02-28,24561671,1772323199,1000000000000000000,1770051887,False,1000000000000000000,1.0
2026-03-01,24568824,1772409599,1000000000000000000,1770051887,False,1000000000000000000,1.0
2026-03-02,24575976,1772495999,1000000000000000000,1770051887,False,1000000000000000000,1.0
2026-03-03,24583128,1772582399,1000000000000000000,1772613155,False,1000000000000000000,1.0
2026-03-04,24590281,1772668799,1000000000000000000,1772613155,False,1000000000000000000,1.0
2026-03-05,24597433,1772755199,999800040754831434,1772708675,False,1000199999236865003,1.000199999236865
2026-03-06,24604585,1772841599,999800050228232485,1772812331,False,1000199989759674317,1.0001999897596743
2026-03-07,24611738,1772927999,999800008508053023,1772888747,False,1000200031496544407,1.0002000314965445
2026-03-08,24618890,1773014399,999658630499103586,1772973563,False,1000341486073826999,1.000341486073827
2026-03-09,24626042,1773100799,999658659915623373,1773060035,False,1000341456637213984,1.000341456637214
2026-03-10,24633195,1773187199,999159097861687662,1773160295,False,1000841609849834688,1.0008416098498347
2026-03-11,24640347,1773273599,999044960082220892,1773232751,False,1000955952890949481,1.0009559528909495
2026-03-12,24647499,1773359999,998858347687197767,1773312575,False,1001142957172501653,1.0011429571725017
2026-03-13,24654652,1773446399,998715873141293264,1773404939,False,1001285777960720430,1.0012857779607205
2026-03-14,24661804,1773532799,998507225448790312,1773495503,False,1001495006258506285,1.0014950062585062
2026-03-15,24668956,1773619199,998409777990004118,1773581027,False,1001592754843805028,1.001592754843805
2026-03-16,24676109,1773705599,998314786055022228,1773665927,False,1001688058685013697,1.0016880586850136
2026-03-17,24683261,1773791999,998130284183850577,1773751379,False,1001873218201848518,1.0018732182018486
2026-03-18,24690413,1773878399,998048698888262558,1773839147,False,1001955116132019427,1.0019551161320195
2026-03-19,24697566,1773964799,997918034908492546,1773926051,False,1002086308713418899,1.0020863087134189
2026-03-20,24704718,1774051199,997779061929909905,1774011023,False,1002225881615309048,1.0022258816153091
2026-03-21,24711870,1774137599,997576705279636016,1774100015,False,1002429181342686522,1.0024291813426864
2026-03-22,24719022,1774223999,997466043369304831,1774184531,False,1002540393878608446,1.0025403938786084
2026-03-23,24726175,1774310399,997361741329420334,1774270307,False,1002645237491326901,1.0026452374913268
2026-03-24,24733327,1774396799,997193264546864323,1774355975,False,1002814635390072644,1.0028146353900727
2026-03-25,24740479,1774483199,997094667774857835,1774444415,False,1002913797775717504,1.0029137977757174
2026-03-26,24747632,1774569599,996986872525267263,1774528871,False,1003022233850582995,1.003022233850583
2026-03-27,24754784,1774655999,996848263243338223,1774615643,False,1003161701607832780,1.003161701607833
2026-03-28,24761936,1774742399,996651410278117416,1774701923,False,1003359840449077530,1.0033598404490776
2026-03-29,24769089,1774828799,996529074720747346,1774789415,False,1003483014562545799,1.0034830145625457
2026-03-30,24776241,1774915199,996429069167293551,1774874387,False,1003583728077795484,1.0035837280777955
2026-03-31,24783393,1775001599,996268318348685296,1774962311,False,1003745659259244503,1.0037456592592446
2026-04-01,24790546,1775087999,996170925618575963,1775048591,False,1003843792549000925,1.003843792549001
2026-04-02,24797698,1775174399,996054768945784247,1775133983,False,1003960857552432936,1.0039608575524328
2026-04-03,24804850,1775260799,995924743146439774,1775219855,False,1004091932529645971,1.004091932529646
2026-04-04,24812003,1775347199,995727193790779175,1775306267,False,1004291141424945978,1.004291141424946
2026-04-05,24819155,1775433599,995644261610309804,1775393699,False,1004374793847197414,1.0043747938471974
2026-04-06,24826307,1775519999,995542647985127922,1775479019,False,1004477308956972644,1.0044773089569727
2026-04-07,24833460,1775606399,995458013659773932,1775565767,False,1004562710107207415,1.0045627101072074
2026-04-08,24840612,1775692799,995398375849796991,1775653403,False,1004622896984611297,1.0046228969846114
2026-04-09,24847764,1775779199,995316067767916390,1775738699,False,1004705974698658024,1.004705974698658
2026-04-10,24854917,1775865599,995212106270324393,1775824883,False,1004810927941400157,1.0048109279414001
2026-04-11,24862069,1775951999,995128840788637320,1775914103,False,1004895003553009575,1.0048950035530095
2026-04-12,24869221,1776038399,995043229356552545,1776006035,False,1004981462611079484,1.0049814626110793
2026-04-13,24876373,1776124799,994951707946735468,1776084551,False,1005073906615711635,1.0050739066157117
2026-04-14,24883526,1776211199,994849172500161855,1776170495,False,1005177495888038552,1.0051774958880386
2026-04-15,24890678,1776297599,994785993129650331,1776257915,False,1005241335228239515,1.0052413352282394
2026-04-16,24897830,1776383999,994700735504109824,1776344027,False,1005327496307926758,1.0053274963079268
2026-04-17,24904983,1776470399,994602619536162682,1776434135,False,1005426670267925103,1.005426670267925
2026-04-18,24912135,1776556799,994514895251577425,1776517487,False,1005515357059619540,1.0055153570596196
2026-04-19,24919287,1776643199,994514895251577425,1776517487,False,1005515357059619540,1.0055153570596196
2026-04-20,24926440,1776729599,994514895251577425,1776517487,False,1005515357059619540,1.0055153570596196
2026-04-21,24933592,1776815999,994514895251577425,1776517487,False,1005515357059619540,1.0055153570596196
2026-04-22,24940744,1776902399,994514895251577425,1776517487,False,1005515357059619540,1.0055153570596196
2026-04-23,24947897,1776988799,994514895251577425,1776517487,False,1005515357059619540,1.0055153570596196
2026-04-24,24955049,1777075199,994514895251577425,1776517487,False,1005515357059619540,1.0055153570596196
2026-04-25,24962201,1777161599,994514895251577425,1776517487,False,1005515357059619540,1.0055153570596196
2026-04-26,24969354,1777247999,994514895251577425,1776517487,False,1005515357059619540,1.0055153570596196
2026-04-27,24976506,1777334399,994514895251577425,1776517487,False,1005515357059619540,1.0055153570596196
2026-04-28,24983658,1777420799,994514895251577425,1776517487,False,1005515357059619540,1.0055153570596196
2026-04-29,24990811,1777507199,994514895251577425,1776517487,False,1005515357059619540,1.0055153570596196
2026-04-30,24997963,1777593599,994514895251577425,1776517487,False,1005515357059619540,1.0055153570596196
2026-05-01,25005115,1777679999,994514895251577425,1776517487,False,1005515357059619540,1.0055153570596196
2026-05-02,25012268,1777766399,994514895251577425,1776517487,False,1005515357059619540,1.0055153570596196
2026-05-03,25019420,1777852799,994514895251577425,1776517487,False,1005515357059619540,1.0055153570596196
2026-05-04,25026572,1777939199,994514895251577425,1776517487,False,1005515357059619540,1.0055153570596196
2026-05-05,25033724,1778025599,994514895251577425,1776517487,False,1005515357059619540,1.0055153570596196
2026-05-06,25040877,1778111999,994514895251577425,1776517487,False,1005515357059619540,1.0055153570596196
2026-05-07,25048029,1778198399,994514895251577425,1776517487,False,1005515357059619540,1.0055153570596196
2026-05-08,25055181,1778284799,994514895251577425,1776517487,False,1005515357059619540,1.0055153570596196
2026-05-09,25062334,1778371199,994514895251577425,1776517487,False,1005515357059619540,1.0055153570596196
2026-05-10,25069486,1778457599,994514895251577425,1776517487,False,1005515357059619540,1.0055153570596196
2026-05-11,25076638,1778543999,994514895251577425,1776517487,False,1005515357059619540,1.0055153570596196
2026-05-12,25083791,1778630399,994514895251577425,1776517487,False,1005515357059619540,1.0055153570596196
2026-05-13,25090943,1778716799,994514895251577425,1776517487,False,1005515357059619540,1.0055153570596196
2026-05-14,25098095,1778803199,994514895251577425,1776517487,False,1005515357059619540,1.0055153570596196
2026-05-15,25105248,1778889599,994514895161205727,1778864027,False,1005515357150990851,1.005515357150991
2026-05-16,25112400,1778975999,994435242949194346,1778936075,False,1005595896857297883,1.005595896857298
2026-05-17,25119552,1779062399,994356994801507702,1779022115,False,1005675029419005341,1.0056750294190053
2026-05-18,25126705,1779148799,994265622994214948,1779107723,False,1005767449736938573,1.0057674497369387
2026-05-19,25133857,1779235199,994200088874654401,1779195011,False,1005833746335620005,1.00583374633562
2026-05-20,25141009,1779321599,994155635497041872,1779282491,False,1005878721896532988,1.005878721896533
2026-05-21,25148162,1779407999,994091196626643392,1779366887,False,1005943924856600265,1.0059439248566002
2026-05-22,25155314,1779494399,993959834616769845,1779439811,False,1006076870687193306,1.0060768706871934
2026-05-23,25162466,1779580799,993885069869570099,1779515639,False,1006152552559454764,1.0061525525594548
2026-05-24,25169618,1779667199,993807581703420101,1779604211,False,1006231003275267716,1.0062310032752677
2026-05-25,25176771,1779753599,993736650803355849,1779693491,False,1006302825996787719,1.0063028259967877
2026-05-26,25183923,1779839999,993670846018726775,1779779627,False,1006369467320724779,1.0063694673207246
2026-05-27,25191075,1779926399,993613050530376221,1779866291,False,1006428004811545619,1.0064280048115457
2026-05-28,25198228,1780012799,993544905274253325,1779950963,False,1006497033693675719,1.0064970336936758
2026-05-29,25205380,1780099199,993330415734480619,1780047791,False,1006714366297328979,1.006714366297329
2026-05-30,25212532,1780185599,993248231994305616,1780121819,False,1006797664257743267,1.0067976642577432
2026-05-31,25219685,1780271999,993135112591971648,1780213055,False,1006912339842775030,1.006912339842775
2026-06-01,25226837,1780358399,993068408341346699,1780295543,False,1006979973988127019,1.0069799739881269
2026-06-02,25233989,1780444799,993014235685737007,1780391171,False,1007034908527206456,1.0070349085272063
2026-06-03,25241142,1780531199,992917840761621516,1780468115,False,1007132673971238230,1.0071326739712383
2026-06-04,25248294,1780617599,992861766951618886,1780555175,False,1007189553758624036,1.007189553758624
2026-06-05,25255446,1780703999,992777087186167855,1780643255,False,1007275462847661075,1.007275462847661
2026-06-06,25262599,1780790399,992607147537329203,1780732379,False,1007447913790478495,1.0074479137904784
2026-06-07,25269751,1780876799,992460254517524782,1780830023,False,1007597025118291104,1.007597025118291
2026-06-08,25276903,1780963199,992301946891572401,1780903955,False,1007757772855875244,1.007757772855875
2026-06-09,25284056,1781049599,992142407724469604,1781003495,False,1007919823015681986,1.007919823015682
2026-06-10,25291208,1781135999,991996984251880089,1781094167,False,1008067580723700918,1.008067580723701
2026-06-11,25298360,1781222399,991846151008841336,1781173379,False,1008220880811872990,1.008220880811873
2026-06-12,25305513,1781308799,991751443875577347,1781255063,False,1008317160691179690,1.0083171606911796
2026-06-13,25312665,1781395199,991620563251541668,1781349467,False,1008450245042299252,1.0084502450422992
2026-06-14,25319817,1781481599,991523875384972740,1781434751,False,1008548583473833434,1.0085485834738335
2026-06-15,25326969,1781567999,991364941048816389,1781511023,False,1008710272669162714,1.0087102726691628
2026-06-16,25334122,1781654399,991266470812637850,1781605367,False,1008810475734342576,1.0088104757343426
2026-06-17,25341274,1781740799,991164671062290981,1781682755,False,1008914087835918994,1.008914087835919
2026-06-18,25348426,1781827199,991050025700209607,1781770199,False,1009030799725237825,1.009030799725238
2026-06-19,25355579,1781913599,990953148908049481,1781853875,False,1009129443810657870,1.009129443810658
2026-06-20,25362731,1781999999,990852080254456672,1781938535,False,1009232376787455588,1.0092323767874556
2026-06-21,25369883,1782086399,990779244379504345,1782031907,False,1009306569220947236,1.0093065692209473
2026-06-22,25377036,1782172799,990627620403397498,1782120071,False,1009461052168912812,1.0094610521689127
2026-06-23,25384188,1782259199,990510356486317530,1782208667,False,1009580559609033785,1.0095805596090337
2026-06-24,25391340,1782345599,990415129290087052,1782291227,False,1009677629537811303,1.0096776295378114
2026-06-25,25398493,1782431999,990340121472162689,1782374183,False,1009754101967996294,1.0097541019679963
2026-06-26,25405645,1782518399,990200825289449592,1782457859,False,1009896148801619077,1.0098961488016192
2026-06-27,25412797,1782604799,990093194089972997,1782540479,False,1010005932743667298,1.0100059327436672
2026-06-28,25419950,1782691199,989997653152413924,1782631739,False,1010103404604784630,1.0101034046047845
2026-06-29,25427102,1782777599,989839485959733949,1782716915,False,1010264809784199065,1.010264809784199
2026-06-30,25434254,1782863999,989746619026885797,1782802559,False,1010359601918312465,1.0103596019183125
2026-07-01,25441407,1782950399,989657568114023078,1782888827,False,1010450515632074994,1.010450515632075
2026-07-02,25448559,1783036799,989566253217561767,1782975287,False,1010543757680208921,1.010543757680209
2026-07-03,25455711,1783123199,989483764824741685,1783063295,False,1010628001741009829,1.0106280017410099
2026-07-04,25462864,1783209599,989370443338200848,1783162187,False,1010743758046717395,1.0107437580467173
2026-07-05,25470016,1783295999,989280900034495113,1783235015,False,1010835244029406737,1.0108352440294066
2026-07-06,25477168,1783382399,989173345108636333,1783316483,False,1010945154299699235,1.0109451542996992
2026-07-07,25484320,1783468799,989048884395816346,1783411139,False,1011072370412584206,1.0110723704125841
2026-07-08,25491473,1783555199,988957045400322120,1783495643,False,1011166263136542778,1.0111662631365428
2026-07-09,25498625,1783641599,988877248367421073,1783579331,False,1011247858772099311,1.0112478587720992
2026-07-10,25505777,1783727999,988739316993485963,1783662347,False,1011388930138588010,1.011388930138588
2026-07-11,25512930,1783814399,988625188204033255,1783755179,False,1011505686818106036,1.011505686818106
2026-07-12,25520082,1783900799,988528812116754585,1783841543,False,1011604303023481888,1.0116043030234818
2026-07-13,25527234,1783987199,988350938935695236,1783938803,False,1011786361104537467,1.0117863611045375
2026-07-14,25534387,1784073599,988267264056812198,1784013551,False,1011872027304663737,1.0118720273046637
2026-07-15,25541539,1784159999,988228530019463013,1784111039,False,1011911688058940323,1.0119116880589403
2026-07-16,25548691,1784246399,988220846221512149,1784207519,False,1011919556062317192,1.011919556062317
2026-07-17,25552868,1784296859,988165410079154610,1784280023,False,1011976324813775265,1.0119763248137752
2026-07-18,25564464,1784419199,988127649474654649,1784366231,False,1012014996778662527,1.0120149967786625
2026-07-19,25571616,1784505599,988093104134193065,1784454167,False,1012050378467361368,1.0120503784673613
2026-07-20,25578769,1784591999,988064432755626262,1784533307,False,1012079745863421551,1.0120797458634216
2026-07-21,25585921,1784678399,987792951310266102,1784615963,False,1012357902203636660,1.0123579022036366
2026-07-22,25593073,1784764799,987732919638605404,1784703671,False,1012419430513547033,1.012419430513547
2026-07-23,25600226,1784851199,987667265560294486,1784794403,False,1012486729964376482,1.0124867299643765
2026-07-24,25607378,1784937599,987572780623437574,1784870663,False,1012583598515865674,1.0125835985158658
2026-07-25,25614530,1785023999,987517004924425454,1784965283,False,1012640789994831398,1.0126407899948313
2026-07-26,25621682,1785110399,987492827777556635,1785047807,False,1012665582848426256,1.0126655828484263
2026-07-27,25628835,1785196799,987428742027507267,1785133403,False,1012731306510969000,1.0127313065109689
2026-07-28,25635987,1785283199,987378013345025483,1785233231,False,1012783337773760959,1.012783337773761
2026-07-29,25643139,1785369599,987093602782154811,1785306875,False,1013075150301317014,1.013075150301317
2026-07-30,25650292,1785455999,987036395949706214,1785394487,False,1013133866292560034,1.01313386629256
2026-07-31,25657444,1785542399,986992693183223140,1785486059,False,1013178726556552341,1.0131787265565524
2026-08-01,25664596,1785628799,986927375347429388,1785584663,False,1013245781786090023,1.01324578178609
2026-08-02,25671749,1785715199,986877939693219680,1785662447,False,1013296538284014572,1.0132965382840147
2026-08-03,25678901,1785801599,986667047319248066,1785736751,False,1013513122503662469,1.0135131225036624
2026-08-04,25686053,1785887999,986618167371317559,1785825563,False,1013563334906285114,1.0135633349062851
2026-08-05,25693206,1785974399,986549617522844530,1785911831,False,1013633761787803858,1.013633761787804
2026-08-06,25700358,1786060799,986499327689991761,1785996431,False,1013685434881766930,1.013685434881767
2026-08-07,25707510,1786147199,986318065489196794,1786086251,False,1013871726565220319,1.0138717265652204
2026-08-08,25714663,1786233599,986265755818468510,1786178003,False,1013925500404436029,1.013925500404436
2026-08-09,25721815,1786319999,986219139544030999,1786262855,False,1013973426293815845,1.0139734262938158
2026-08-10,25728967,1786406399,986085834462316876,1786343663,False,1014110501389841080,1.014110501389841
2026-08-11,25736120,1786492799,986051250120454719,1786429883,False,1014146069869939640,1.0141460698699396
2026-08-12,25743272,1786579199,985998856089780432,1786515179,False,1014199959587929470,1.0141999595879294
2026-08-13,25750424,1786665599,985938074017672521,1786603943,False,1014262483976326716,1.0142624839763266
2026-08-14,25757577,1786751999,985759060461996656,1786685591,False,1014446673745335933,1.014446673745336
2026-08-15,25764729,1786838399,985710999352408846,1786783511,False,1014496135943475038,1.014496135943475
2026-08-16,25771881,1786924799,985667181296732156,1786863791,False,1014541235596798258,1.0145412355967982
2026-08-17,25779033,1787011199,985594783673652150,1786948367,False,1014615759503773582,1.0146157595037735
2026-08-18,25786186,1787097599,985532030063619751,1787034383,False,1014680365016088099,1.014680365016088
2026-08-19,25793338,1787183999,985480247337394762,1787119247,False,1014733682082248951,1.014733682082249
2026-08-20,25800490,1787270399,985451699566266537,1787205347,False,1014763078129690885,1.0147630781296908
2026-08-21,25807643,1787356799,985211140300734267,1787291687,False,1015010853099723836,1.0150108530997237
2026-08-22,25814795,1787443199,985164757226441044,1787373239,False,1015058641374184949,1.015058641374185
2026-08-23,25821947,1787529599,985088443274325019,1787466671,False,1015137277091700127,1.0151372770917
2026-08-24,25829100,1787615999,985029694743727559,1787549267,False,1015197821280065291,1.0151978212800652
2026-08-25,25836252,1787702399,984956456213826356,1787638283,False,1015273308470915599,1.0152733084709156
2026-08-26,25843404,1787788799,984906338977641866,1787724179,False,1015324970938887186,1.0153249709388872
2026-08-27,25850557,1787875199,984664248523897450,1787808647,False,1015574599665918871,1.015574599665919
2026-08-28,25857709,1787961599,984610938985631879,1787896151,False,1015629585661746023,1.015629585661746
2026-08-29,25864861,1788047999,984569978188964731,1787984579,False,1015671838622804162,1.0156718386228043
2026-08-30,25872014,1788134399,984510903967411151,1788071147,False,1015732782613346822,1.0157327826133469
2026-08-31,25879166,1788220799,984442739189284209,1788156731,False,1015803113976469190,1.0158031139764692
2026-09-01,25886318,1788307199,984377526992262186,1788242123,False,1015870408028789361,1.0158704080287895
2026-09-02,25893471,1788393599,984318979367859250,1788329807,False,1015930832342795298,1.0159308323427954
2026-09-03,25900623,1788479999,984067511807723951,1788417227,False,1016190442221802647,1.0161904422218027
2026-09-04,25907775,1788566399,984016956553392052,1788504155,False,1016242650434185601,1.0162426504341855
2026-09-05,25914928,1788652799,983970996849310684,1788585071,False,1016290117495347337,1.0162901174953474
2026-09-06,25922080,1788739199,983924906308978206,1788674951,False,1016337724137225766,1.0163377241372258
2026-09-07,25929232,1788825599,983771459989537557,1788762419,False,1016496250064659361,1.0164962500646593
2026-09-08,25936384,1788911999,983702662899439691,1788847067,False,1016567340635761119,1.0165673406357612
2026-09-09,25943537,1788998399,983659763712751415,1788941339,False,1016611674981574487,1.0166116749815746
2026-09-10,25950689,1789084799,983536752155188518,1789026143,False,1016738823240449492,1.0167388232404495
2026-09-11,25957841,1789171199,983494653983863455,1789110683,False,1016782344417712873,1.0167823444177129
2026-09-12,25964994,1789257599,983446334764426112,1789195475,False,1016832301520081559,1.0168323015200815
2026-09-13,25972146,1789343999,983389402708161600,1789282859,False,1016891169709673891,1.0168911697096739
2026-09-14,25979298,1789430399,983223911984489215,1789371383,False,1017062327116974587,1.0170623271169745
2026-09-15,25986451,1789516799,983171459658833424,1789459547,False,1017116587524831308,1.0171165875248314
2026-09-16,25993603,1789603199,983102439303548442,1789543847,False,1017187995900429424,1.0171879959004295
2026-09-17,26000755,1789689599,982979462042364228,1789633859,False,1017315252876465718,1.0173152528764657
2026-09-18,26007908,1789775999,982915603941646916,1789719215,False,1017381345854966546,1.0173813458549665
2026-09-19,26015060,1789862399,982868226748858025,1789805627,False,1017430386683483132,1.017430386683483
2026-09-20,26022212,1789948799,982806759246339693,1789892147,False,1017494019645168959,1.017494019645169
2026-09-21,26029365,1790035199,982617572355802738,1789973807,False,1017689921423370535,1.0176899214233706
2026-09-22,26036517,1790121599,982562156100913238,1790057507,False,1017747318875260877,1.0177473188752608
2026-09-23,26043669,1790207999,982517109471394294,1790146223,False,1017793980746057140,1.017793980746057
2026-09-24,26050822,1790294399,982448575661593173,1790229923,False,1017864980186456556,1.0178649801864565
2026-09-25,26057974,1790380799,982401933400222214,1790317607,False,1017913306154507009,1.017913306154507
2026-09-26,26065126,1790467199,982339166783474025,1790408183,False,1017978345782906927,1.0179783457829068
2026-09-27,26072279,1790553599,982298269075603056,1790492435,False,1018020729020580735,1.0180207290205807
2026-09-28,26079431,1790639999,982070268488790293,1790575799,False,1018257075981742098,1.018257075981742
2026-09-29,26086583,1790726399,982006532830814178,1790665403,False,1018323164426733851,1.0183231644267339
