date,share_price,daily_return_pct,share_price_wei,oracle_price_d18,oracle_report_timestamp,oracle_suspicious,block
2026-07-31,1.0131787265565524,,1013178726556552341,986992693183223140,1785486059,False,25657444
2026-08-01,1.01324578178609,0.006618302159333567,1013245781786090023,986927375347429388,1785584663,False,25664596
2026-08-02,1.0132965382840147,0.005009297727864848,1013296538284014572,986877939693219680,1785662447,False,25671749
2026-08-03,1.0135131225036624,0.02137421884560453,1013513122503662469,986667047319248066,1785736751,False,25678901
2026-08-04,1.0135633349062851,0.00495429230344957,1013563334906285114,986618167371317559,1785825563,False,25686053
2026-08-05,1.013633761787804,0.0069484440777811685,1013633761787803858,986549617522844530,1785911831,False,25693206
2026-08-06,1.013685434881767,0.005097807108556118,1013685434881766930,986499327689991761,1785996431,False,25700358
2026-08-07,1.0138717265652204,0.01837766204810798,1013871726565220319,986318065489196794,1786086251,False,25707510
2026-08-08,1.013925500404436,0.005303810906909234,1013925500404436029,986265755818468510,1786178003,False,25714663
2026-08-09,1.0139734262938158,0.004726766351237366,1013973426293815845,986219139544030999,1786262855,False,25721815
2026-08-10,1.014110501389841,0.013518608325502335,1014110501389841080,986085834462316876,1786343663,False,25728967
2026-08-11,1.0141460698699396,0.0035073574378596817,1014146069869939640,986051250120454719,1786429883,False,25736120
2026-08-12,1.0141999595879294,0.005313802379247612,1014199959587929470,985998856089780432,1786515179,False,25743272
2026-08-13,1.0142624839763266,0.006164897543725623,1014262483976326716,985938074017672521,1786603943,False,25750424
2026-08-14,1.014446673745336,0.01815997061107577,1014446673745335933,985759060461996656,1786685591,False,25757577
2026-08-15,1.014496135943475,0.004875780996593804,1014496135943475038,985710999352408846,1786783511,False,25764729
2026-08-16,1.0145412355967982,0.004445522434770588,1014541235596798258,985667181296732156,1786863791,False,25771881
2026-08-17,1.0146157595037735,0.007345576932760167,1014615759503773582,985594783673652150,1786948367,False,25779033
2026-08-18,1.014680365016088,0.006367485593372635,1014680365016088099,985532030063619751,1787034383,False,25786186
2026-08-19,1.014733682082249,0.005254567645063268,1014733682082248951,985480247337394762,1787119247,False,25793338
2026-08-20,1.0147630781296908,0.002896922410378089,1014763078129690885,985451699566266537,1787205347,False,25800490
2026-08-21,1.0150108530997237,0.0244170265328858,1015010853099723836,985211140300734267,1787291687,False,25807643
2026-08-22,1.015058641374185,0.004708154037480483,1015058641374184949,985164757226441044,1787373239,False,25814795
2026-08-23,1.0151372770917,0.007746913755513063,1015137277091700127,985088443274325019,1787466671,False,25821947
2026-08-24,1.0151978212800652,0.0059641380266040045,1015197821280065291,985029694743727559,1787549267,False,25829100
2026-08-25,1.0152733084709156,0.007435712456049792,1015273308470915599,984956456213826356,1787638283,False,25836252
2026-08-26,1.0153249709388872,0.0050885281372536895,1015324970938887186,984906338977641866,1787724179,False,25843404
2026-08-27,1.015574599665919,0.02458609156443803,1015574599665918871,984664248523897450,1787808647,False,25850557
2026-08-28,1.015629585661746,0.005414274426063237,1015629585661746023,984610938985631879,1787896151,False,25857709
2026-08-29,1.0156718386228043,0.004160272766240425,1015671838622804162,984569978188964731,1787984579,False,25864861
2026-08-30,1.0157327826133469,0.006000362343927534,1015732782613346822,984510903967411151,1788071147,False,25872014
2026-08-31,1.0158031139764692,0.006924199388480545,1015803113976469190,984442739189284209,1788156731,False,25879166
2026-09-01,1.0158704080287895,0.006624714119740638,1015870408028789361,984377526992262186,1788242123,False,25886318
2026-09-02,1.0159308323427954,0.005948033679126219,1015930832342795298,984318979367859250,1788329807,False,25893471
2026-09-03,1.0161904422218027,0.02555389311382772,1016190442221802647,984067511807723951,1788417227,False,25900623
2026-09-04,1.0162426504341855,0.005137640565555657,1016242650434185601,984016956553392052,1788504155,False,25907775
2026-09-05,1.0162901174953474,0.004670839306109009,1016290117495347337,983970996849310684,1788585071,False,25914928
2026-09-06,1.0163377241372258,0.0046843554865727555,1016337724137225766,983924906308978206,1788674951,False,25922080
2026-09-07,1.0164962500646593,0.01559776082975528,1016496250064659361,983771459989537557,1788762419,False,25929232
2026-09-08,1.0165673406357612,0.006993687492440337,1016567340635761119,983702662899439691,1788847067,False,25936384
2026-09-09,1.0166116749815746,0.004361181403456094,1016611674981574487,983659763712751415,1788941339,False,25943537
2026-09-10,1.0167388232404495,0.012507062628142052,1016738823240449492,983536752155188518,1789026143,False,25950689
2026-09-11,1.0167823444177129,0.00428046773355284,1016782344417712873,983494653983863455,1789110683,False,25957841
2026-09-12,1.0168323015200815,0.00491325431080103,1016832301520081559,983446334764426112,1789195475,False,25964994
2026-09-13,1.0168911697096739,0.00578937052888584,1016891169709673891,983389402708161600,1789282859,False,25972146
2026-09-14,1.0170623271169745,0.016831438053444003,1017062327116974587,983223911984489215,1789371383,False,25979298
2026-09-15,1.0171165875248314,0.005335013047891302,1017116587524831308,983171459658833424,1789459547,False,25986451
2026-09-16,1.0171879959004295,0.007020667686874482,1017187995900429424,983102439303548442,1789543847,False,25993603
2026-09-17,1.0173152528764657,0.012510664355969148,1017315252876465718,982979462042364228,1789633859,False,26000755
2026-09-18,1.0173813458549665,0.006496804045141857,1017381345854966546,982915603941646916,1789719215,False,26007908
2026-09-19,1.017430386683483,0.0048202995579060826,1017430386683483132,982868226748858025,1789805627,False,26015060
2026-09-20,1.017494019645169,0.006254281621487223,1017494019645168959,982806759246339693,1789892147,False,26022212
2026-09-21,1.0176899214233706,0.01925335917649651,1017689921423370535,982617572355802738,1789973807,False,26029365
2026-09-22,1.0177473188752608,0.00563997448357334,1017747318875260877,982562156100913238,1790057507,False,26036517
2026-09-23,1.017793980746057,0.00458481883771622,1017793980746057140,982517109471394294,1790146223,False,26043669
2026-09-24,1.0178649801864565,0.006975816495535803,1017864980186456556,982448575661593173,1790229923,False,26050822
2026-09-25,1.017913306154507,0.004747777847846635,1017913306154507009,982401933400222214,1790317607,False,26057974
2026-09-26,1.0179783457829068,0.0063895056687579554,1017978345782906927,982339166783474025,1790408183,False,26065126
2026-09-27,1.0180207290205807,0.004163471438212163,1018020729020580735,982298269075603056,1790492435,False,26072279
2026-09-28,1.018257075981742,0.023216321084995606,1018257075981742098,982070268488790293,1790575799,False,26079431
2026-09-29,1.0183231644267339,0.00649034969171236,1018323164426733851,982006532830814178,1790665403,False,26086583
