owner,deposit_asset,deposit_request_tx,deposit_claim_tx,redeem_tx,withdraw_claim_tx,deposit_block,withdraw_block,deposit_ts,withdraw_ts,deposit_date,withdraw_date,days,shares,assets_in,assets_out,assets_in_raw,assets_out_raw,tx_return,tx_apy,p0,p1,share_return_hold,share_return_after_exit,share_apy_hold,share_apy_after_exit,gap_return_pp,gap_apy_pp,sample
0x4c61359C478894Ab6fca40f66A55ff8Cd96CddA1,ETH,162e93afad5f44e65f6af6990377456923c30baa5b791ef574925bc522cd9d16,193c39fd56c03db92c6eb03dbf450c389570e70b54f75efd88b4d51020943b7d,7b4f4af20220c67a42f8a121d3f0966f5a84ad19a25000bbb9a4a61c810680a1,1ffb4b7a05fe4c5c2a04177fcb005ca6ed7b6ab06e451e67d0d3fb62f529de50,24679938,25469313,1773783467,1783290575,2026-03-17,2026-07-05,110.03597222222223,10.07590765049709,10.092916373915909,10.185406785578222,10.092916373915909,8.222807571856634,0.009163893589898775,0.03074291108227234,1.0018732182018486,1.0108352440294066,0.008945269386123389,0.008945269386123389,0.03000188529578751,0.03000188529578751,0.021862420377538605,0.0741025786484828,clean_full
0x8b7EfB25028c6DB03e6c602a7C3c864FDA1537f0,ETH,bbd747441bef4f0a83fc7ac661025eab4ec7549ad0b704e8613a139d9caaa02f,42413c549515f0d46bcac2909bd7387e7dddb3712ebd5bc1cbca47ca29394aaa,06859d4460df5ead8903b02aa432326274df922068c52dab62224879596bad44,6436efc507267500fd9e1ac2386e2050ccab450febc4b1e9ad2b99761f666411,24685986,25394986,1773856379,1782394667,2026-03-18,2026-06-25,98.82277777777777,0.09980486988882625,0.1,0.10076584047784001,0.1,0.08140107217711068,0.007658404778400074,0.028599023659274803,1.0019551161320195,1.0097541019679963,0.0077837676662446675,0.0077837676662446675,0.029072074440504414,0.029072074440504414,-0.012536288784459337,-0.04730507812296114,clean_full
0xE6bDb810A9a9C9E29418849Fa8a8a57619e39981,ETH,b28882d39a998f48e25a35982d2e9464340056a64f8031ea051373b311a9a2e3,fe60e5eff8a26b8508d7026c8e1192db2a74a2d9ff7a12e2b7f89a0cb3a1bffd,3b713f0d2d92584a2df2632831d552365de870af5055f2e8d188a33b4d06c3f4,ab453bf3b6fa61063bbb1cd3bc8e4cf2d6640e413122b832509be9e878563f20,24845838,25542591,1775782019,1784173139,2026-04-10,2026-07-16,97.11944444444444,0.000995398375849796,0.001,0.001006629622671511,0.001,0.000812171339210404,0.006629622671510793,0.025161968888929298,1.004705974698658,1.0119116880589403,0.007171962287218836,0.007171962287218836,0.02724071342862522,0.02724071342862522,-0.05423396157080429,-0.20787445396959203,clean_full
0xee4a1515C115e5B7CBeDFdF640D4E2857829c0DE,ETH,1bad740193ce1221b4ae59831f36f40f01aaaccdc9fe7b3c94c4ea9fb8a258b3,98125870c1e73e738d84683a9b36a38abdd9d9856b35662782486aaecd9c2b55,6a70b5f7ce7d327ca9d09716e854cc8ce04d7188a202227ab28ff744c0ec0be2,84f19fee77e82c7f6e58ba0cbd2c340e329fa215037a1caf88f4fb0cb6836568,24691789,25316320,1773926375,1781447291,2026-03-19,2026-06-14,87.04763888888888,2.9943908525515517,3.0,3.0169550615191185,3.0,2.438893783115559,0.0056516871730394325,0.02392941630354284,1.0020863087134189,1.0085485834738335,0.006448820529951771,0.006448820529951771,0.02733927761972965,0.02733927761972965,-0.07971333569123384,-0.3409861316186813,clean_full
0xa93f060C4D597AfF8cbcB8bC1605e7372A0013F7,ETH,79cbeeb89f9fc8a6d14da7f414800e27c0a6ad9324a608987a1bdcfc86c4a817,a91b4b6392ab63f94c2c117886a94a15e4f36c8feeae451579bcb59ea9cb7717,76eb23887762271b885084f3ae6a147848907cad433e2daa5e4c1099e5cb95e3,78d937ef41b487ca3e5b4f8d5a94d64e7d961585535fb7a32e3072f73410fd5f,24670778,25279522,1773672767,1781003939,2026-03-16,2026-06-09,84.85152777777778,0.2447365925034579,0.24514972223397402,0.24662936637386718,0.24514972223397402,0.19945284468061078,0.0060356753677288655,0.02624133822046848,1.0016880586850136,1.007919823015682,0.006221262474516598,0.006221262474516598,0.027056505719267765,0.027056505719267765,-0.018558710678773238,-0.08151674987992852,clean_full
0x49B362dE4F3af0a8Bd6Ed4304270280Ab7DfD5e7,ETH,84629195224605a5a933d07c549fe83a25ad5ae942b5733bd57557844337887e,076563bf61ad118c430ecbc6e6eba9da2e51f9017e34eeffb95f6d9db0e6e4b6,c7b1656b0b15440a90980148aeb9ac3b6dcfc5092b3f912e44d0ab063081ba07,45af3987d6e671a6ab5e5e782e9dabc1544a0100b2d0a225879002201bd82427,24717842,25253776,1774240247,1780693835,2026-03-23,2026-06-05,74.69430555555556,1.696821483112546,1.7,1.7092939226796025,1.7,1.3826371975801388,0.0054670133409426835,0.027019078340001723,1.0025403938786084,1.007275462847661,0.004723070509641714,0.004723070509641714,0.023308616313784114,0.023308616313784114,0.074394283130097,0.3710462026217609,clean_full
0xe637Bc15bf65a0033367B27f89550e18Dc0E21A7,ETH,6da4139b1e4b503af509fe6b13bb86059f3fa6bbbc16ed272b75a363d2059cd2,8fd4e302706e85b01d0a34ab5a3d6f9d27018ae43754e7041fec5736e57903f7,03be7ef7f505499ceb3e79029b0677ae6b9be8ea5713790d59f8fb3e6c9bb755,7e7a541246a327bafc82ec95731e30a8d0cf6ddc633c31edca623cf08cff521d,24651215,25173343,1773437075,1779724451,2026-03-13,2026-05-25,72.77055555555556,9.987158731412933,10.0,10.048795670919654,10.0,8.13441549231153,0.004879567091965464,0.02473287067587715,1.0012857779607205,1.0063028259967877,0.0050106055099325975,0.0050106055099325975,0.02540374880937657,0.02540374880937657,-0.013103841796713311,-0.06708781334994196,clean_full
0xe0F11bdaB9A6638935580A540EaBd81bf539f4Ca,ETH,aceef70c50cac70a83cc023934570d658e034f4f06b2df06c686d422d156ed5b,32ce6f60ee4d3cd324ba70cadd0331b544498959f68e766bd35f0d740638aed1,9ff109aa5ec2163a4314cfcec6a10b1e6cbbfb5fb8f7c3d19dbce16c6168d865,5df397b8cffdc570f656ec6a8f2dd71f1241be6b11996b8c348ca1d4d8717bcd,24656950,25171428,1773506099,1779701363,2026-03-14,2026-05-25,71.70444444444445,0.35259043539942386,0.35311756030703545,0.35481275156306785,0.35311756030703545,0.2872364809443052,0.0048006427506988025,0.02469512763259285,1.0014950062585062,1.0063028259967877,0.004800642747329276,0.004800642747329276,0.024695127615089296,0.024695127615089296,3.36952687973735e-10,1.7503554161635293e-09,clean_full
0x2b87A1F2aa178e2B995Fe3F12786c0C446493A01,ETH,860e30b244a9685a487fb2cd1026a64a90c3a53f8c2faf6ed7a5c31a796d7409,f5561377649028109cb77a13597ae9cb3037570df112ebf3e7a2c0bfc1bc0361,2fd1da1420c7cbcb611c418ab2598010a82376a7228abf02829b6f090bd46298,c6bc1fc0b4906e782f570c3752a9da7df9f5af6ea7c959999145d98bd6db8248,24664586,25178749,1773598103,1779789563,2026-03-15,2026-05-26,71.66041666666666,0.0483230332547162,0.0484,0.048621264609359026,0.0484,0.03935850434681514,0.004571582837996413,0.02352039982445886,1.001592754843805,1.0063694673207246,0.0047691164436034494,0.0047691164436034494,0.02454662445922451,0.02454662445922451,-0.019753360560703648,-0.1026224634765649,clean_full
0x04010C1756beC12ff09C7bcA3b9F9BbfD434E1c5,ETH,a10c02e53a61ecd87febbfa83046d81b87a2c44a46c3f025bd806be01b991697,f0babb798f6a2e80c681ea44c99f5709926c899c0b2671467401f5f585249b3e,a431a0638745c52d9177348b92f9fa691168a182bdd183da28f77111d78c5e20,6137d76c1965e5e710cd6e5b652638674f18146b265a93ccd4eb05392514afd0,24678415,25184829,1773765047,1779862703,2026-03-17,2026-05-27,70.57472222222222,0.09984097779900042,0.1,0.10048326112219494,0.1,0.08133507956486741,0.0048326112219492234,0.02526415491295597,1.0018732182018486,1.0063694673207246,0.004487842410785037,0.004487842410785037,0.0234448730718273,0.0234448730718273,0.03447688111641867,0.18192818411286726,clean_full
0xbfc95bE2BC1F6ce6041b8E70a8e8F47B6a5a61Ec,ETH,4e3b02af62b43e34e876912bfc2a63a503db24ce0098a4cd6df8241ab7c6d23b,e12ab28082ad9d3b64290d5581e88f6817f317d4380d8b36a66f54fe469b9170,3af15ca7e6b39a715ddad547458e2f87e7c1a70273393ed9fb1598ea6738071e,0a0fd6ef2566666f85ec0eba4fc59bc5800a32c6408600a427a0558f10652140,24656111,25127608,1773495971,1779173771,2026-03-14,2026-05-19,65.71527777777777,8.006264445562117,8.01655872393392,8.052440173350499,8.01655872393392,6.521347002306206,0.004475916743359232,0.025132570896678974,1.0014950062585062,1.0057674497369387,0.004266065683536491,0.004266065683536491,0.02394278512759107,0.02394278512759107,0.0209851059822741,0.11897857690879032,clean_full
0x0C6FEeC3Db57A4A3D2C984BEe9d8B62b7d244d1A,ETH,80b0a065458d5c0696892024b4d1f674d09204362dc477b9dc6deb453cef80c3,838d3bd30fa7b2b5841ab4343815f12365a378384984069a093d6f4a8b3b4360,69571afe8fc0d997ce012bdeb6b74ef55bfb0db477f3342e783f4ec4eac183d6,50edfc0297073ed99739713167f40719e2163a496c9654bbb6971b433cd23d9f,24699157,25158152,1774015055,1779541427,2026-03-20,2026-05-23,63.96263888888889,0.04201785022319585,0.0421,0.042273092885206094,0.0421,0.034224136617217994,0.004111469957389424,0.023706496038402802,1.0022258816153091,1.0061525525594548,0.0039179500511570264,0.0039179500511570264,0.022580372853453712,0.022580372853453712,0.01935199062323978,0.11261231849490905,clean_full
0xCb0F8A0d37bf2FA07715D45f2D5c6AF2a4eA6fa4,ETH,93de45f04d13a2dcf60e20e6a4af14f3e24a803dbe7631a940f94429b05c9082,a918ef45fbdda0d2a508820759150693db7fa5d3fba54b4884cc1bb70749c3e8,15cca662a16c19f37707bc78c7106ee7191e1f8290135da013a2643327294c16,86f3b75eac3d91e953bb65acd3d355f1e882262ed934cdefda9c53fc7f971261,24739575,25195498,1774502051,1779991199,2026-03-26,2026-05-28,63.53180555555556,0.0897473938092178,0.09,0.09031914714053427,0.09,0.07309812632696609,0.0035460793392696477,0.020559150871680476,1.0029137977757174,1.0064970336936758,0.00357282542717563,0.00357282542717563,0.020715533187927626,0.020715533187927626,-0.0026746087905982208,-0.015638231624715004,clean_full
0x77d5654CF9fE5Bd046147cB78E4280b7FB099d00,ETH,1aa90bbf303cfbe156190468bace431b60aa8c964994a305092d8f4eb5a437c5,0a620444cc5198fb92049e6298be57403899b23fec4003b9f4fa485220037c02,2807d0772a3d8f13a4314be4677ba83b0e636c8d0c0283bd09614ccb7927e8ce,4709f279873abd9957d9c1af60489bb8cf835a7ba7b673e0f8b0b033652c80f1,24650465,25102336,1773428039,1778869595,2026-03-13,2026-05-15,62.98097222222222,13.173062366733658,13.19,13.24571651046998,13.19,10.729294034358908,0.004224147874903883,0.02474705242423858,1.0012857779607205,1.005515357150991,0.004224147874031248,0.004224147874031248,0.02474705241907449,0.02474705241907449,8.72635297355373e-11,5.164091376741453e-10,clean_full
0x14e495f1C792185C4491B2317a02f3C3c6775C82,ETH,36406710a18f48cc8b5b98a3e01851d1ef5b20be6b60c60d15604eaba4df9ff7,db93a6276d7f849af93a15f550188d33a77477e6225b7dab47b607137f399681,744b444f4da6ac1b97b94276f9b9cc8e27c031c304081a2ea39a0460b3196031,e72ff90182a4d7cd9cd4756504941faf38d7dfc8c4f5e83548363c9a44a63f09,24654363,25102417,1773474935,1778870567,2026-03-14,2026-05-15,62.449444444444445,10.686259842611838,10.7,10.745198382261469,10.7,8.703824576773338,0.004224147874903661,0.024960289919121914,1.0012857779607205,1.005515357150991,0.004224147874031248,0.004224147874031248,0.02496028991391408,0.02496028991391408,8.72413252750448e-11,5.207834163911684e-10,clean_full
0xDAd6FcAd428280745EB8361377a1502562853C54,ETH,794ad73a77a9d9a6b7e93f9892400f5c6be04c7e5adbf29646b25b3cc7d7466c,6fe046dd85c13cf089766819afb2cf0dad98f996832beb9a0f446c51e7aee1aa,8c5fbbe4e01cd70cb6fca4ebd38684ba6f82dc7539886297d1f5441524c88b95,388f0a83fc0d4427aee70c11306d8f232fc28ecc659fde085db78f835a6a001c,24677419,25118333,1773752927,1779062099,2026-03-17,2026-05-17,61.44875,4.991885851287989,4.99983670165735,5.0200770867977855,4.99983670165735,4.06582839990799,0.004048209241259038,0.02430454699529916,1.0018732182018486,1.0056750294190053,0.0037947029105940278,0.0037947029105940278,0.02276827023366179,0.02276827023366179,0.025350633066500983,0.15362767616373674,clean_full
0x38551d609DE4DE61e813a5A0C90EAb8CC6AD4c06,ETH,d5eb1186e5f54888431fd56f68f4f5636043ca0a887d005029cc509bc1e0bcbe,ea15d7de7ab80ad6f525974766d2ac3a6e614f812463a2ae9bd51eea9d3bc92d,e4d9b5d4c769edba7cd3335a0a475b297954d04596dcc8d51b5b002a66b39c61,2fd1529758911883781e9176b8af2e54e1f97806537b21bce2982684bf967a6e,24692233,25131318,1773931727,1779218375,2026-03-19,2026-05-19,61.18805555555556,0.7881373373658019,0.789781635160119,0.7927348223058109,0.789781635160119,0.6419619408505822,0.00373924514602475,0.02252908864858849,1.0020863087134189,1.00583374633562,0.003739635587889145,0.003739635587889145,0.02253146294609576,0.02253146294609576,-3.904418643951857e-05,-0.00023742975072682526,clean_full
0xE563caCdE8483399784E9FB8C660273cF277316C,ETH,ba5f6fb34ce3c0479f7c84236f8850344152029cd2f72fe71d022257cd3c2e4b,142e4921f7f4077b70806d2a0209662703b1155313e10ffe4f2bb3513944cfe2,e98a9a20f7cb939688794a94a85a8a2d39ed4a46fe6776679a4105f264b99b00,9699497c41eac755907a3b12f66066ab09966ca5700f8543b57eb531b06d01bb,24675944,25107017,1773735131,1778925911,2026-03-17,2026-05-16,60.078472222222224,0.9984097779900041,1.0,1.0039163644995326,1.0,0.8131922385705608,0.0039163644995325875,0.02404782173266029,1.0016880586850136,1.005515357150991,0.0038208486492308236,0.0038208486492308236,0.023455626983675204,0.023455626983675204,0.00955158503017639,0.05921947489850865,clean_full
0xA937F63bA1D69fD7e022fD50628B6D8fCFbDE52d,ETH,97730f5aa44ba46085ffa88de30b021a5d9f8111a01e2a5599dd386f36864444,1f5005104544464661a8adb6e9fd3c6cce743423e1a6466dfdf81f5de5c6bfa1,7cc3c167713a4d590eb49153a9263c80eab0a2a325e7350e77d0050d31f53e9e,03b62f8b34286b6a3c1c6414dd08fb31ce7cb2abce94cb795008dc8127a93acf,24681570,25103919,1773803159,1778888627,2026-03-18,2026-05-15,58.85958333333333,332.9696609596664,333.5,334.8061075605941,333.5,271.199611563282,0.0039163644995325875,0.024551878490328027,1.0018732182018486,1.005515357150991,0.0036353291843445046,0.0036353291843445046,0.022773378205305006,0.022773378205305006,0.02810353151880829,0.17785002850230214,clean_full
0xbb10a4CFBaD91566b48944eBbf7292A55b484ae6,ETH,de4125572702d714a02b158966e44f36bf8af6ec22ff5495a5047d561710dbd1,152d9bb0b1ce9857140171664b71293a626ecdb74e9e3c8cb2c55f7090950d4f,17f1669c8a771abbbc1ddfe2c74f923a3474251dd2bbb5d54857c772fe1051d7,443c4035c680e802c460a667bcc3008742ef03c8b244aefdd0988543464cc882,24750010,25170169,1774627931,1779686159,2026-03-27,2026-05-25,58.54430555555555,14.971954262757759,15.0,15.066219320394676,15.0,12.196765194207076,0.004414621359644988,0.027862711869404366,1.003161701607833,1.0062310032752677,0.003059628036552242,0.003059628036552242,0.019242253707942192,0.019242253707942192,0.13549933230927458,0.8620458161462174,clean_full
0xf46CA31613fA3ED6a1b2bEA995dC4f5B90C1B496,ETH,1bba88820bf721597d3b081bebac258aa8df3e66011434fd4beb9b8c67d31677,f727037f59a116f420d0bdc89768f76a2d3defa8de97d02e1ea5c9622393eb62,9667dda6a85d217c4487335dd57b076ec6eec5c62d6d75006fe8ba92d78d89b2,10aee5850d293d5c20ac70f8bbb39e6c081b4409109372717c600abe989cdc4d,24684589,25102121,1773839555,1778867015,2026-03-18,2026-05-15,58.18819444444444,19.960973977765253,20.0,20.071065878351696,20.0,16.25796288344258,0.0035532939175848544,0.022514365226349975,1.0019551161320195,1.005515357150991,0.0035532939167131072,0.0035532939167131072,0.022514365220774657,0.022514365220774657,8.717471189356729e-11,5.575317985062611e-10,clean_full
0x9FA7f0702246b8e510869cEbFE5b8D3Ecb124918,ETH,52f537f8976fbb915ceafe869894022ee77fdff70c2a5b08692a8d1b2811c809,5ac0371cab4890a914c3183c492e1bd7437c4eafb338abcfb8089339312459f8,11616dc09672f0327b62c234b5dd4bf9d5ddd92cf1b612adf43769eaba05a254,f52103642feff6b420d24cefd0f228b75ebc67ddfea19b4e70f9610db6b3517a,24688008,25103601,1773880835,1778884799,2026-03-19,2026-05-15,57.91625,3.993259144220089,4.0,4.015283394600411,4.0,3.252459475324977,0.0038208486501027927,0.024341884014530413,1.0019551161320195,1.005515357150991,0.0035532939167131072,0.0035532939167131072,0.022621267731200767,0.022621267731200767,0.02675547333896855,0.17206162833296457,clean_full
0x94851FdC054A45933050067A0FBCea3B3002dd82,ETH,4718fa8a9d05a8762127f80bcf4e9390a41f79152d0ac721ed20895ee8349553,9d8c18b291fc770cb729f03a0acc904c3efb74fe7d1b60dbe8810a4464988172,9d167ce0972a66603e60b01d7f5f94b528c451977ea3f48b2e4b8857a88d492a,e30f08ef6ff12df8c34da6dbbb6e3a2228dcbbf2a08e0b05ab98c8b6d495f4ff,24793429,25202703,1775151023,1780077935,2026-04-02,2026-05-29,57.02444444444444,1.4076238483375814,1.41,1.4167311875347033,1.41,1.1465296447880808,0.004773891868584013,0.030974764575933733,1.0039608575524328,1.006714366297329,0.0027426455166879027,0.0027426455166879027,0.017697786290085782,0.017697786290085782,0.203124635189611,1.3276978285847951,clean_full
0x9D3D58eC58298B1E4236714979B61b590dC8D2c9,ETH,28a888edf538ff8822457b0891bba60d07a8c3bcc626153506b02c89f15eecae,a2d2743ead59d9eeaa2e9a2b0d4eccfd4e641fccf7edcd895f7188db2cadc829,cffac0edf1cb99141f3a3184618dc9f63ca503060da2e330e9aa0f3566f5b161,67194fd22d4bc40278ee27359810b4569080ebe138f8f04d47b98f506a570e47,24704473,25103737,1774079135,1778886443,2026-03-21,2026-05-15,55.64013888888889,49.8889530964955,50.0,50.16410849075528,50.0,40.63392641261478,0.00328216981510554,0.0217435600614051,1.0022258816153091,1.005515357150991,0.003282169814234015,0.003282169814234015,0.02174356005557887,0.02174356005557887,8.715250743307479e-11,5.826228388627896e-10,clean_full
0xdC6447010c602BbcBDBe2Aaff27D24aF55FE5b75,ETH,a395ae3e98346eac4953a0428d54e362c005ec664ae8dbde981a0183a8924fca,dc9c7407b2730d7139e4fe72a1417f97ce928f39030fb47fa56fb10877d59faa,666649dc5df6b2fb5b51666a4adc00aec51b9025ab2d18d62efc473fde58b83b,826abbb1f5022ccdae6be72a9e88bab0030971cfd628daf9cf13b2da4a85218c,24720243,25102699,1774269191,1778873963,2026-03-23,2026-05-15,53.295972222222225,3.989864173477219,4.0,4.011869699381375,4.0,3.249694314246694,0.0029674248453437357,0.020513932500572984,1.0025403938786084,1.005515357150991,0.0029674248444724327,0.0029674248444724327,0.0205139324944974,0.0205139324944974,8.713030297258229e-11,6.075584479958707e-10,clean_full
0xf481D355832cB893fA6EA94E93070B9A19103ad5,ETH,a9a3f9a8412519079069c7907d2e2909adc16e4271a696ecc89d21715c557bc2,0e302402bd95b43dcf1eba9a097d31450ad6a59c5d0598907df246609d07214b,1802bcd79f3d6d88e15b30d397645e1737ae00699589774e5eb55b668df91adf,459eb6e7191691ac74b9248430716f98afbe603767c02e11d65888c60d04bff9,24747997,25129963,1774603643,1779202055,2026-03-27,2026-05-19,53.22236111111111,6.00999180011974,6.019564243670608,6.045050216312759,6.019564243670608,4.895321941473044,0.004233856739538577,0.029418854968591646,1.003022233850583,1.00583374633562,0.00280304103952278,0.00280304103952278,0.019395258069992538,0.019395258069992538,0.14308157000157973,1.0023596898599108,clean_full
0x8Ef61BbD1Fb38afc9D652f5c784ef636DaF5A9E8,ETH,d28d5a564a5950a3db0b60ead094b36b04a20a1c9b85816f13de45bc5d0e04f9,74fc67fdd0fa34e949a143fd455ddba186bfd4f04456f4e7c34ead146b0f068e,f831ba627e24186bd8664e45b8d1ea243904e0ec1123e70660cb1ce9055aef37,56549da7267d2baf77ed7329ff2e459006e5b52c98f36dfb2c205c2400f56a6a,24749342,25130772,1774619867,1779211811,2026-03-27,2026-05-19,53.1475,0.09968482632433383,0.1,0.10026636231488845,0.1,0.08119636824640804,0.002663623148884353,0.018449225780705847,1.003161701607833,1.00583374633562,0.0026636231462029425,0.0026636231462029425,0.018449225761988153,0.018449225761988153,2.681410649074678e-10,1.8717694061365364e-09,clean_full
0x56D108D4D593E603612256856B55cbE9606cFadC,ETH,e7da1e42347e42137578e7fd1034269d05f3471fe3d4fa6f8b5dacb4c22dc119,012b953bc53fc404eb7d8225714c518eb283dcbec6e6bac80928cc0bea8ca4c0,17dc78ee279eea30e3e3bb90790280e101f4861a4e52f9e3647df5246c225db5,f9a375441fa20a52efa2d5a7504e241fc6af84ea85e2eadc18939322c193b008,24742471,25114351,1774536983,1779014207,2026-03-26,2026-05-17,51.819722222222225,0.9874272704321141,0.989,0.9929392670905087,0.989,0.8042471239462847,0.0039830809813030665,0.028415102439564688,1.003022233850583,1.005595896857298,0.00256590823199887,0.00256590823199887,0.01822669058897719,0.01822669058897719,0.14171727493041963,1.0188411850587498,clean_full
0x9Ef6d830744Fa542C059d5F917d0E2179Ae0267b,ETH,768a1237070c4d5ab198eed955134b2c2f7ed32c8fd0f39d865084dd61c609d5,488b1ad84c28c9742be61cb777fbb6904fe8477e035bdd8f75ab3e12ee55e317,d36e6531395f619a6155ae7cf357d220fff9bea02192a786137465df45f97ae3,e6924d4434de8cc508039929e5e7278399605b8a815e811ba7096fe794b04312,24757583,25102330,1774719107,1778869523,2026-03-28,2026-05-15,48.03722222222222,0.09966514102781174,0.1,0.10021482987617106,0.1,0.08117600701289235,0.002148298761710521,0.01645087304881021,1.0033598404490776,1.005515357150991,0.002148298760840106,0.002148298760840106,0.01645087304209758,0.01645087304209758,8.704148513061227e-11,6.712630451488621e-10,clean_full
0x2DCCC7DeBb23338Bf036988CC29edfc6ABe104f5,ETH,4a1442a2ff2750d3e52b812c00b4f1b2aaca66f8f18eae8fae2bf256fba8dd06,75a5b4538d2dc9454c8b50355e07d4767fb70b5fbe8ba3d0c1992b4ca27f9b1a,8f64100a8cef600f161e29a493f9731a5005898b36432b9b0faed7193fd956fb,2ec2d7eb8b77b1ee3931b28c3e945b57fd6d13533da47e836f411658d56d0b45,24923760,25233195,1776719975,1780445507,2026-04-20,2026-06-03,43.11958333333333,11.97658438665915,12.0,12.056831389720525,12.0,9.75477773006555,0.0047359491433771606,0.0408334360193261,1.0055153570596196,1.0070349085272063,0.0015112165686164136,0.0015112165686164136,0.012873450871914827,0.012873450871914827,0.3224732574760747,2.795998514741127,clean_full
0xd7F455CB72895a8B55Dedf2e6C90629e8A0Bf91f,ETH,f7cbe751eeb5128e8ca4c341638d781c65ffe74719724bfe48d0ffea702eef96,3e605a53331686a52269bdbef86ede5680f073945c826dadfdef291529f245cb,d66810454de31c82546c8de8b13b02b210bda9d210aac305a696a36b67e9f32a,9351975b6e87dd756d17c808a068626dbfbe413e9d329a9034a99e35a22903a6,24844883,25122741,1775770511,1779115139,2026-04-09,2026-05-18,38.710972222222225,3.9812642710716655,4.0,4.0040141429536495,4.0,3.2426898016278973,0.0010035357384123866,0.009508846806633331,1.004705974698658,1.0057674497369387,0.0010565031611353692,0.0010565031611353692,0.010012969712022368,0.010012969712022368,-0.0052967422722982604,-0.050412290538903726,clean_full
0xF1C7e19A34cad5C49a79DcDEa2406668Fb1Dcb8B,ETH,0c6a2375e37c701d79240317837cffd5dad6154c30f47cd9bec02896a1b24e9a,782a501c26d08f48e0b7b4e4eb437d85caea12f63a12ba3e97e671f479afb3a9,c77dcefafb8cc29b8286d934ad0c3ef488aee1f0ca35b761f21e8e87e6e60ee4,52476e4e242282d112e534c0afee9d36087c3bceeddecc0a0516d9a5e35c9df6,24913214,25143717,1776593039,1779367643,2026-04-19,2026-05-21,32.11347222222222,91.42126081816484,91.6,91.96466192297204,91.6,74.46382629687861,0.0039810253599568135,0.04622581019357819,1.0055153570596196,1.0059439248566002,0.00042621705772249996,0.00042621705772249996,0.004858409430249733,0.004858409430249733,0.35548083022343135,4.1367400763328455,clean_full
0xA6ef24bd02F196Fd6A4F9560E36F777284935eCb,ETH,e30ef089e775cbf1e00e81df0faad3cc61587a4eec47d81c6b846c0ace3552f4,878c3aa1525742cfa9fb0e6126df83a09f95a2a8aaf4efe346f9a3c382114a40,546f6e93d35d923b7d079996348f8e44e068c927e3c867e5b2ccb955acf8b59b,51202c0e89ba8ec83738677fa94586ddbcb8aa8d626a79379046a993535b5aff,24664114,24883481,1773592427,1776235271,2026-03-15,2026-04-15,30.588472222222222,0.09984097779900042,0.1,0.10035790405119405,0.1,0.08146801768850426,0.003579040511940468,0.04358323970257039,1.001592754843805,1.0051774958880386,0.003579040510124809,0.003579040510124809,0.043583239680025754,0.043583239680025754,1.815658734471981e-10,2.254463282724828e-09,clean_full
0xcEC4c27Eb95b245586deb5baCBFf93704354b255,ETH,a1c072848edd2c0aefafb7c09a0084b8bfe5f7ef0132947a1b4c5f276d374068,48ac722312ce386653fd2a00580cc7da16b12bd91ed4d132243cba2594ab5d3d,3b5f4eee3cd3659b3dc6c8ef311a8fb97cffee416d4cd8695ea922e6ab85ade8,769b9abc07d1f440c68cbc787fc4f76519bba86f0a117f8a2e2557765b79924d,24910841,25126426,1776564491,1779159563,2026-04-19,2026-05-19,30.035555555555554,0.9987158731412933,1.0,1.0044227683920204,1.0,0.813441549231153,0.004422768392020382,0.055130942603453637,1.0055153570596196,1.0057674497369387,0.00025070992257769653,0.00025070992257769653,0.00305304891230751,0.00305304891230751,0.41720584694426854,5.207789369114613,clean_full
0xbc2E07a461ef6194545c4BBAd0e3F64679331eA9,ETH,b22f578c60cd814ff77e5d81b17c99702042b78865dc2272bf78500ff29c950a,21a78ddb78bbf217d304cbf4ca92baddc9fe970b135ff433f0b1ba950a055fb5,d96e73b6770c9abf2f707b7c07c855a9d93c77c10723c1e1d0159b163dba2eec,0fe20c289012437b987574e1abfb4386dec0a4fd8e3c94e555f0b09cdfc0a1a7,24673556,24886656,1773706319,1776273455,2026-03-17,2026-04-15,29.712222222222223,9.983147860550222,10.0,10.035472885123243,10.0,8.146014601685529,0.0035472885123242204,0.04449067819750918,1.0016880586850136,1.0052413352282394,0.0035472885120448883,0.0035472885120448883,0.044490678193935373,0.044490678193935373,2.793321129956894e-11,3.573807916268379e-10,clean_full
0xFe9f99134a68fe39D40C47bDe9df321859205386,ETH,e07248d311a2c77af64828a4e71d48602fc4bee9a64fa7331d16c66b05877ab8,d2fcfe439b2d366e4cb05c122e16c1226cc7555843eb36c52fde93c73e3088e8,96a998eaaed14e1f4540332918ee1fdd28f4d6de65b5edde568e3e8994730703,6fceea4ae7b516a0ff62cef1433c519f8aa38332f2e8fab9584c1da4d5257a70,24942535,25150336,1776945983,1779447347,2026-04-23,2026-05-22,28.950972222222223,0.40847001052296095,0.41,0.41088492335377164,0.41,0.3326936990889854,0.002158349643345492,0.027574050447401355,1.0055153570596196,1.0060768706871934,0.000558433666508984,0.000558433666508984,0.007068182687544722,0.007068182687544722,0.1599915976836508,2.0505867759856633,clean_full
0x0ae3C1cdaDd80F257cA49Ca8AE3E673a035cB757,ETH,a1f8af20d5ad768c6fbb4b6b54e9cb12dd561088a8b57ebdbacf0e47f235aaee,ac370e379d11d465e6c4d99fd39d26652ec4336b5fd78587ca0da5b07fdce681,18b3c682be488fd257d433d6fa58408cf56553b3ae422f33d3b4f98c384926c7,4605c48b2ea1794277f5ef754225c44b0e3f943cc5c751dfefc019e292f061e2,24696665,24885108,1773985067,1776254807,2026-03-20,2026-04-15,26.270138888888887,0.062066538844577065,0.062196028805380256,0.062387888094342515,0.062196028805380256,0.05064491550387104,0.003084751432645527,0.043753335456709674,1.0020863087134189,1.0051774958880386,0.0030847514308309787,0.0030847514308309787,0.04375333543045801,0.04375333543045801,1.8145485114473558e-10,2.6251667506471676e-09,clean_full
0x6247368de066a29D7449a07021dE228fBFEcA170,ETH,ee1df46a093760383532047763dbf3282a9ab29b1345d901803083e1ab70fafb,a90ea1067f3b2190803ce8327cb959bf1172b85b636497579880769ccbb9b790,1c42f1d61a4140f137648cb587b99f99a2b1b5dbee3fa4a924733649b9f1a7a4,e4de420c6a1aa9603da8aa8aa883cea1e1eb9c377d4c680725e6bfd5d9bab7be,24917366,25103629,1776643079,1778885147,2026-04-19,2026-05-15,25.94986111111111,15.575192536644064,15.6,15.66109528619271,15.6,12.685798921700748,0.0039163644995328095,0.05655755124120332,1.0055153570596196,1.005515357150991,9.087020025333459e-11,9.087020025333459e-11,1.2790180026200915e-09,1.2790180026200915e-09,0.3916364408662609,5.655754996218532,clean_full
0x9F1239A7B7Ef8Bb2a67cD21C17cD03B835021540,ETH,4627013fa3f6b1df46fffe65f14a886f8332b7d147a5f546ac2bd5bab3ea67be,74469d4b8bed1c429d8d06bdba938cecc70c876ad3dff9020b261c7fc8315308,d22a370e5fbac340e1c9f62005d06dad4aa0957b198b125e1d7439bedf55136e,bdd1b722e5cfa1ab7cea3a818ed8c3f08c3349db089d7c5fd041f0f9e26a9166,24673276,24857557,1773702923,1775923259,2026-03-16,2026-04-11,25.698333333333334,2.5879693246667643,2.592337968761817,2.6006374437080058,2.592337968761817,2.111546028085705,0.003201540480523457,0.04647854194367529,1.0016880586850136,1.0048950035530095,0.0032015404797836045,0.0032015404797836045,0.04647854193270606,0.04647854193270606,7.398526236102043e-11,1.0969225527901472e-09,clean_full
0x5C0111bCF72B885D7c7D8e84F370b0f79df2EB45,ETH,480bde3748992eb932a089008be681a1266b62c9ab022113b57f1d9ea8777767,ba9baef8bb554fda31507368a0a0dfea9cddf87250a10e45576b974a63077eb1,411ba72a902501f768861775db9593e7dcc00741aa449e8b5e27cac72c6c2fa3,eb92f69b1ccb89308465122e597b6132d90a50a72960527b4634317748c4fa57,24720181,24902251,1774268435,1776461111,2026-03-23,2026-04-17,25.378194444444443,0.9984097779900041,1.0,1.0037960414127924,1.0,0.8146958324646697,0.003796041412792439,0.05604441568925078,1.0025403938786084,1.005426670267925,0.002878962690122,0.002878962690122,0.04224318352082124,0.04224318352082124,0.09170787226704391,1.3801232168429545,clean_full
0xa6F64a650F10aD4F731BeA9e69C864AA482A1Ca4,ETH,16c71dfa8b35428eea0f1541d74a54e95a8bcdfa495756b28333c4eb0ed289d9,cf3c4ec05f0c28fd3367d6aa46d057a92b973263219b6656925e4ac80517fcce,eeecb577ac10a0e8177e08769879f2db308b55b3cd4c73759366e3088ee7a136,0050d05ff3a1afd19095efdca01f76aa701b2e8b25ffdd5651bdcd4627d751f0,24697638,24872633,1773996803,1776104747,2026-03-20,2026-04-13,24.3975,0.009979180349084925,0.01,0.010029144176221184,0.01,0.008141943963434569,0.002914417622118304,0.044530702250641374,1.0020863087134189,1.0050739066157117,0.0029813778277527625,0.0029813778277527625,0.045575233822130023,0.045575233822130023,-0.00669602056344587,-0.10445315714886494,clean_full
0x2e81FE5a46Fe62edacef69B9aB0Cd6E53B303188,ETH,bb899aba39d2967100997758304425d544c35fe8cd3fdffe6d85cba598fb50b0,12f653df5b6c7fd82519aed9963f27ed712bce6e127ad4aa19fabaa3787e73ed,8d6b6fd298bfc08feb3c9284a4de5e49a21e4bde4ac2f0d7bab4ea9cc0dc478f,42f5222908725da955b4f6cf4a5e69234fe81200939703f0dcd5761356055eb2,24674393,24814511,1773716411,1775404775,2026-03-17,2026-04-05,19.54125,0.04991573930275111,0.05,0.05013411037211324,0.05,0.0407215442270824,0.0026822074422647724,0.05134115738122591,1.0016880586850136,1.0043747938471974,0.0026822074386219086,0.0026822074386219086,0.05134115730983191,0.05134115730983191,3.6428637884000636e-10,7.139400182154532e-09,clean_full
0x82100955529DF56B330cd755Ccf7F7C1cd9D0fA8,ETH,b4fffc11c0ef06ce2ae69d2e305ec48d8ebc17f9efe1891387b44300c426ab77,ce35e47d711fdeccf8ef409a21cf13d318e1fbb493e96c61d732791089fbc4f4,cddca518eef0d129d287f1fbd34476892019dfbb32cff5bdcedb7d6502eb7f05,3f24211cff53e72687a9a67b664c5386955fa57bcf00e934250d7be17397d9ef,24671987,24771743,1773687347,1774889711,2026-03-16,2026-03-30,13.91625,0.17606548369771982,0.17634591284970624,0.1766015360987919,0.17634591284970624,0.14350204463875818,0.0014495558471123715,0.03874984938667492,1.0016880586850136,1.0035837280777955,0.0018924747842861134,0.0018924747842861134,0.05087537809505416,0.05087537809505416,-0.04429189371737419,-1.212552870837924,clean_full
0xAff2BD77A6910C34296ADa80D52a08AAa07e286a,ETH,67e78e436917b4f1d68aa38d0811ff55211a3dd99f48011ebb01efaccc3da9a0,30d347bfb77c6da708ad9546fa0b8340cc63285f7060e17b75db33a48af565b1,6eca4b9da69ccfc0cf5379b196aaaa3d0892654fdfea5e8207418d00b43c57d5,3c9e93925c0c230f2ebe56d4cb04707b6e7f7ce6f460b58cd2b243c0f019c1a4,24673103,24755743,1773700835,1774696991,2026-03-16,2026-03-28,11.529583333333333,0.2995229333970012,0.3,0.3003125968460869,0.3,0.24407471918380996,0.0010419894869564406,0.03354267433016789,1.0016880586850136,1.003161701607833,0.0014711595192158367,0.0014711595192158367,0.04767263555177226,0.04767263555177226,-0.04291700322593961,-1.412996122160437,clean_full
0xe4503C59BB9E8925E15dCf0b1CaDACC439589dAf,ETH,d7db651a692c0af84669cec4828a5f24aa4dae0cf7f92d98d70d67b91dc4b50b,bbca97d17d1a138fcb460f6508b6ca928194721b0e81371b3fa7ea57393268a1,62a2073f0ed106215a7620f721aaf3e13117d4bfc5e3f48ca5c1fb56f59b68f6,7edefeb16b4a88c4c5470056ad85a46641b0fec0a65ce2fa9ba85dff2f01ab78,24663480,24745090,1773584807,1774568579,2026-03-15,2026-03-26,11.38625,0.05031985281069621,0.0504,0.05047193117331343,0.0504,0.041023097244089875,0.0014272058197108972,0.04681215561669316,1.001592754843805,1.003022233850583,0.001427205817798427,0.001427205817798427,0.04681215555256424,0.04681215555256424,1.9124701822192947e-10,6.412892439300322e-09,clean_full
0x8F07D1dC6bB29d4396e0f870dFB14EdCdf061AFa,ETH,970d7636aecbfb72efe3cd23760c98440f33298b145f44dace8ac16b943dc0e6,ed1c3c1fa649d7e9b3c2348bcb099ce549c8faf38f33f73cabe97a1ba879de7c,d011734d58641bf965546e692429e50db44df6f8a304449840ad79d7548761a8,ec6bdbf58744c3a5984f8f8ce980f98c3171d3eaf5616c68d347fe1c71f826b0,24650376,24728447,1773426971,1774367987,2026-03-13,2026-03-24,10.891388888888889,8.06936173833302,8.07973714581325,8.092074049464498,8.07973714581325,6.578038514679075,0.001526894183388361,0.052497975723792,1.0012857779607205,1.0028146353900727,0.0015268941824639892,0.0015268941824639892,0.05249797569121495,0.05249797569121495,9.243716903029053e-11,3.2577052166971043e-09,clean_full
0x217e903B9eAe44570Fac5EEbD9cCd2b985c37b9c,ETH,8d7efa1fb11225930c47971aa50afad3a78cff193207371d713b30b986643d5f,fca9c6a6b5139f58e37b65093b7e43ed50a72ac528a1c88f69d31ff9c7a2292c,1448492a9e3879b170ea09de63bcf48a250e51732766f213613a74a5e225f874,d41a007d7a58aa757503c7861851915a1163b2f8ee67389999a9ac64b6449d1a,24684098,24750694,1773833639,1774636211,2026-03-18,2026-03-27,9.289027777777777,0.000449158627882732,0.00045,0.000450578733440443,0.00045,0.000366201348160684,0.0012860743120957085,0.05183546860069144,1.0018732182018486,1.003161701607833,0.0012860743081812842,0.0012860743081812842,0.05183546843900344,0.05183546843900344,3.914424340223377e-10,1.6168799632509945e-08,clean_full
0x8A688596c64Ca7Dd6A58f3b83a2cB0fEBa5B843E,ETH,14238734c739f2d6209ca8d741a78f280b1d2cca440dcc3b241b7f899de022e9,a6263f88d739e0990d220efb94233598260ea10c85049f4a7f5654024ae68aa9,27aa3d144b9f8cd487be6ad6d410760830a6f3f1d547d89ccb1bb668b6e50bb0,17ecf1760611198383e26c12648831d74fdd28fac5de8d679a099aeb5623ba4b,24649124,24713889,1773411863,1774192619,2026-03-13,2026-03-22,9.036527777777778,5.492937302277113,5.5,5.505566607039735,5.5,4.47607505155725,0.001012110370860908,0.041735518737424426,1.0012857779607205,1.0025403938786084,0.001253004831890392,0.001253004831890392,0.05191662510978512,0.05191662510978512,-0.024089446102948386,-1.0181106372360693,clean_full
0xE77805E51f8c7dd32fA86A7adc9d3312ac27840F,ETH,c1c5c31d9d38e0fccb20f45eda09e00f3bd7bd6dbe58704b1bb8cb580f62191c,33607216299e460d0919cea07bfb19c63c5226088b0ceb2715f55db1e0e35a20,904ddbcd4f5e3b3e0cefcf05f64fd2eede76b2d824cde353b36798abfe3071ba,9a997589e139b3eece5f840e336ebdb1058167b69c61c0815172d85125c723b9,24650174,24712856,1773424523,1774180151,2026-03-13,2026-03-22,8.745694444444444,89.8844285827164,90.0,90.10277415991303,90.0,73.26023824721578,0.0011419351101447095,0.04881807978180275,1.0012857779607205,1.0024291813426864,0.0011419351069728023,0.0011419351069728023,0.04881807964302465,0.04881807964302465,3.171907181354072e-10,1.387781001227495e-08,clean_full
0x37eA60618C72801e34CF696313271bD4a8544D81,ETH,5a4eebcec0f2bf7a43b034dd0c9c44a818d14d2b4e490153953025f9be90d639,934500caeaf00ff72c7b9dd42b1c15e16aff29b34eb401742c947f2ed3498564,57d37ad9689fdb75ce76865f244fdc4be04942106d24a40e0eed1367e2a7ef39,eca601d4fa70bff5ac47c6905f7478e3a7435ad553a2f746540d3185e2e04547,24668498,24720544,1773645215,1774272827,2026-03-16,2026-03-23,7.264027777777778,0.45525993777391777,0.45598505524499755,0.4564477155690188,0.45598505524499755,0.3710706913798657,0.0010146392270962146,0.05231473393125352,1.001592754843805,1.0026452374913268,0.0010508089664504894,0.0010508089664504894,0.054228329070292514,0.054228329070292514,-0.003616973935427481,-0.19135951390389927,clean_full
0x290278b944CCc81b4E39F2Cd526b6CB4099E0F77,ETH,c66dad8e1718fe6c62e2e0ec6171c6d83b51e0811834299795333a5bcd6f3ab8,3054dfe0f6df736972a363c2c450243616fa0b9254f044dc4ecbc833b0dbbaee,f5ac178e3e22acc9c2f55d2bf0f51ec5253d80ce25fef195788d93e0f7b8f41d,69fad085842b46cfbdb0770d194ac243f9c6ae377be2e630806dbdc06dbec9b9,24671532,24722672,1773681815,1774298495,2026-03-16,2026-03-23,7.1375,2.4957869651375555,2.5,2.5023889143922657,2.5,2.0343254065961975,0.0009555657569062515,0.05009032170513761,1.0016880586850136,1.0026452374913268,0.0009555657552409169,0.0009555657552409169,0.05009032161573357,0.05009032161573357,1.6653345369377348e-10,8.94040397270146e-09,clean_full
0xDE68C4d98965E2B9d9B688A4730EB03544E396a1,ETH,63dad1c1a2b32fe03172031bf6e13050e7871ce320182c0b05a8551ff2b365ee,38cebfb055ceab567e9cdb875848987098133297cd3930cfb0b0ea371a5f0374,a3d14e08a53e79a32bf27377fb358a97cfc7592c56bef59c390f1090e08e6129,3a9d7e2be42a00a3097f17fd43f84415dd56246bdd952e29d825076a92f4c89a,24673276,24722605,1773702923,1774297691,2026-03-16,2026-03-23,6.8838888888888885,0.008985688001910037,0.009,0.009006964219026818,0.009,0.007322241575514298,0.00077380211409106,0.04189485933928716,1.0016880586850136,1.0026452374913268,0.0009555657552409169,0.0009555657552409169,0.05198288055106115,0.05198288055106115,-0.018176364114985688,-1.008802121177399,clean_full
0x5455668AF0C89D361E4Db5883105d81E3A18D0c3,ETH,e97e65d59c02f1f0bb7d3e5c91d43a985567549e33268f780aea50fc2eb9543c,ccee58fa484f6fee21e4544493a677bbe2b117d2f2ee17058d3d5e31a9f86635,a257883700fc092cc8b057596577f502a437ac0fa3f4bd3098d7c6389bf2820d,a988c8974136add74b43491bb5c9aa64b084dd9fe48815eca3480412b99f555f,24696405,24743220,1773981947,1774546031,2026-03-20,2026-03-26,6.52875,0.9980486988882625,1.0,1.0010650354524848,1.0,0.8136559735748577,0.0010650354524848193,0.06136047469984107,1.0020863087134189,1.003022233850583,0.0009339765737002015,0.0009339765737002015,0.05361467783100449,0.05361467783100449,0.013105887878461786,0.7745796868836585,clean_full
0x2423B2B926185b82ce35dE3142C66b43Dd4c9ea7,ETH,ca5c3b3d824990c5b906f34e36cf9a12f1d39b780dc3884eb06316c57b3f9153,208097d90a612fe767918b8843e64ab60175b964b6a14655f8943544c6a055ae,a3524b92281a947373d1c0c162a3801991b588f7dcc08ac51726322f74572b56,4dd3749a86922a930dee27f29694654b60c0d3525fb305f43515c2bff4f92e47,24670609,24715429,1773670715,1774211171,2026-03-16,2026-03-22,6.255277777777778,4.981424289158489,4.989833225693541,4.992877528479758,4.989833225693541,4.059254230460675,0.000610101109299821,0.03625511484764621,1.0016880586850136,1.0025403938786084,0.000850898826440627,0.000850898826440627,0.05091734564584338,0.05091734564584338,-0.0240797717140806,-1.4662230798197173,clean_full
0x98bb4F1F7128a184Fd04455C395B71bC0CB7B5ef,ETH,95e12388625bd415a387da4203750884b965502ddba65195a967dfdbecbca0d4,7487d0cc9bebfe9a2b7c0f4250a99eb373d9b01ccadaf7756cd14398a2bc3c75,9a8da742452df609b31970ff0e5d692137adffc08698a48da1576221ed83f4e4,5175321a25b360a6647c940eb8a2513e3afd630628e6ead1ee688525058c6371,24677395,24715786,1773752639,1774215491,2026-03-17,2026-03-22,5.357083333333334,0.10979433126022357,0.11,0.11007325210738068,0.11,0.08949054162229707,0.0006659282489152041,0.046434196646619075,1.0018732182018486,1.0025403938786084,0.000665928247844727,0.000665928247844727,0.04643419657029502,0.04643419657029502,1.070477040343576e-10,7.632405818469579e-09,clean_full
0x6fc72fE190Bfa450e51d9bB0C05373e909Fb3324,ETH,42d53b8787418d6a5bdad71e0dd20070499290d0cc5fa69b1df074331c03b2a2,2448079376664ec8d04c9e4b8b2d316b75d75e87bb2c179851ccce6cb3448ec6,222bcd644a09283cb204bb7b6e055bead83c8faca47b36ad80b06cf54e1f60c6,28b036697be2e5e5f2db018a7701cff1227433096e5cff8a514388723f1f71f7,24693190,24729996,1773943247,1774386647,2026-03-19,2026-03-24,5.131944444444445,0.2879175269539203,0.2885182117991503,0.2886880176751542,0.2885182117991503,0.23467418703604007,0.0005885447401914323,0.04276464505547595,1.0020863087134189,1.0028146353900727,0.0007268103259376879,0.0007268103259376879,0.05306993823285033,0.05306993823285033,-0.013826558574625558,-1.0305293177374386,clean_full
0xd1eae7326FeFE3fC4B07a81B5b62BC8cb2CdF58D,ETH,4cb183816ff3d53a1f0cb179e2d2cdaa5d87b00078405c4f3015f730d1aa20e3,8432b496ed352202755b9b0edcff4f9b19577d27d3b127f56a4d1405fc782b94,3a73fa1c3ff63b8e32345c572ce6b59d1422dab973828b37d4161c1e485bbf2f,03b454f8b3d67b27640b2c418437b2f146f2ee33f2717c15c2195e64fb005cb8,25409802,25446392,1782573239,1783014167,2026-06-27,2026-07-02,5.1033333333333335,1.2649895565611462,1.27,1.2783367219045398,1.27,1.0322081650488613,0.006564347956330652,0.597245818913557,1.0100059327436672,1.010543757680209,0.0005324968092819127,0.0005324968092819127,0.03883627029328762,0.03883627029328762,0.6031851147048739,55.84095486202693,clean_full
0x0606C229F0918C2EdEa92a894E9d09728697F5F1,ETH,402054a3d07063e70a558a683adbd68883d9da37d94144ae4548400171d54992,f61ad2bb862e04eb1d14c42083a83d61cf71eaa17902453eef7f4acf5e8100d3,693518b03dc43cba03c7bf85440cf10bc98ee1d2ef707a6605d07da111d6c152,b72c8dd3930ad75116699fb04dea1a58021d11c2435d780aa24276b26649db08,24678391,24714770,1773764759,1774203239,2026-03-17,2026-03-22,5.075,0.02995521676346371,0.03,0.030026259439526776,0.03,0.0244116183422429,0.0008753146508926335,0.06499406733649926,1.0018732182018486,1.0025403938786084,0.000665928247844727,0.000665928247844727,0.049077493416899154,0.049077493416899154,0.020938640304790646,1.5916573919600108,clean_full
0xc3BA3Ed0519efB403Fc76A9c23A0C9399b5AffBE,ETH,57d2243ee4f34e11a866cf2caddf2aa8916ba1cffed0fbf4912233489c63317f,8785952c795c8671d9e41492fd52cb92f19000893efdb477c0d97e910577ca18,d8e4f43acaa7ccc9454786023fb78366b5ed65f2630e62b807100d5a00ae95d4,274023066a90fc512158709bb62316d82420cc166f6fbe903a04a288efdfc386,24679082,24714914,1773773111,1774204967,2026-03-17,2026-03-22,4.998333333333333,5.786660322555873,5.7975,5.800384136942815,5.7975,4.715764348690366,0.000497479420925373,0.037012465520197324,1.0018732182018486,1.0025403938786084,0.000665928247844727,0.000665928247844727,0.04984872636451754,0.04984872636451754,-0.016844882691935403,-1.2836260844320213,clean_full
0xea0B2E3b1CBDC62A7E90BF443444865681Da4903,ETH,bcb7bbbb5337e0e2ca17c8ad6ffa86970624b1929acd92b79417e1930ef04813,c4ff1bd2ef14ba105fec7b1d28930b169e94e38d07ef7df748deb9eba80aae55,3a893c9a79e94c196882c14e8e2da53d63890a6e40a8c2a18f7b5238a2faa6e1,cebd475de974d0d5aa764e5c6fb237100ce56388a21f602a7e4f67d4ea84bf16,25297119,25324104,1781215883,1781540975,2026-06-11,2026-06-15,3.762638888888889,4.990651420919253,5.0,5.033955467435444,5.0,4.069167969557527,0.0067910934870887285,0.929001070126853,1.008220880811873,1.0087102726691628,0.00048540142998776403,0.00048540142998776403,0.04823506313908532,0.04823506313908532,0.6305692057100964,88.07660069877676,clean_full
0xD0d4653c3008f954BB899bEA8296D948634E14E7,ETH,b89890fe283dab05c4cfb5450b63eb5faf3d4786791a125241afca0512930592,43e255144557221a3dfdcf452bea920ef70ab6fa642bb5ff9ce8a87c7863cfc3,2258fcc644af4090f48da0af50d98a0c47ed1d26938abf3de5bbbc6cd2786e05,990dd94aa1e3ba11d6f746c7a3145fbf91e2299de084e077b037b82acf043ee4,24815594,24842073,1775417819,1775736695,2026-04-05,2026-04-09,3.6906944444444445,0.09979180349084925,0.1,0.10025313071849216,0.1,0.081414762820608,0.0025313071849215607,0.284275287081609,1.0043747938471974,1.0046228969846114,0.0002470224650537034,0.0002470224650537034,0.024744781287027173,0.024744781287027173,0.22842847198678573,25.953050579458182,clean_full
0xe7953F1035E03000b23D1FA24767C80bc572f42f,ETH,85f8254c293cf2dd6a170e9621831806e3824909685f552b2d2af2c14e99a6e6,852919756904c0ba6365d1b3a8636a907c0ceeeb58d2aafc861c07d99f4f1c42,d222485841bca47dbf9a60761c06c38acda9b40c7b130a83f712d2c173d90b52,8d811b3ed55e20f675839df5436e01eb37fe2acc0df3e4f727c94f5fa470fd8f,24705474,24728143,1774091183,1774364327,2026-03-21,2026-03-24,3.161388888888889,0.0559017126724719,0.05598528608277847,0.05605333550902658,0.05598528608277847,0.0455656976939065,0.0012154876934538095,0.15067149898862864,1.0022258816153091,1.0028146353900727,0.0005874461890913452,0.0005874461890913452,0.07020526894286983,0.07020526894286983,0.06280415043624643,8.046623004575881,clean_full
0x4363E2a9f8d78126D817050d405a00AE37a46340,ETH,3253602b5ddab1b71f2afd29d52dcd5d7df4f64d40e4abd3df8975a8f21410f4,21f12f6e7bd709c75f4dc19b17fd9572a82a496071e104f490e1ad483445a619,456279315d1120a98379043fb83b893d25273a0f49425fd7a0fcf00d0d22d2ce,758ee32e50042843bfba394d844945bbbd3b99c481dec64de640faef0f3af2c9,24770596,24792139,1774875875,1775135471,2026-03-30,2026-04-02,3.004583333333333,0.08170718367171806,0.082,0.0820308141873666,0.082,0.06664275041208143,0.000375782772763289,0.04673226195386326,1.0035837280777955,1.0039608575524328,0.00037578277136840477,0.00037578277136840477,0.04673226177643741,0.04673226177643741,1.3948842081390467e-10,1.774258517883709e-08,clean_full
0x36b2040ae5a8Ed4043F2AF1c574ec9E19a1393dC,ETH,d9afb140fb16fd476e5d9758dc519e3f03fd9e85e1631fae4b48e37262161287,10c760a954cddda39cbfc596112e673456bdd2627b8b1084200a202794518525,2cfc927b3e0fd35409ae59dbe59adfb3b362b31a454922e13ebb5fa3d29a5f62,10fd29b2bae140eea9aa9fe124f06941b8e76ce623f28e4ea2f15afac8278cfa,25105348,25123364,1778905835,1779122639,2026-05-16,2026-05-18,2.5093055555555557,6.487846847195028,6.5,6.525265177801738,6.5,5.284549476982276,0.0038869504310365954,0.7588862123642584,1.005515357150991,1.0057674497369387,0.0002507098316846257,0.0002507098316846257,0.037162167110542654,0.037162167110542654,0.363624059935197,72.17240452537158,clean_full
